N,P,K,temperature,humidity,ph,rainfall,label
85,47,42,27.202969,81.738032,6.343369,287.524417,rice
88,44,41,22.634139,81.182249,6.519526,174.018392,rice
61,43,37,24.422769,80.120742,5.907448,283.833585,rice
77,48,36,22.44792,82.566214,6.004132,248.410186,rice
73,45,38,27.96024,82.267607,6.038647,262.93271,rice
66,49,35,20.645172,82.772467,6.703233,241.769469,rice
79,45,36,22.044358,81.194467,6.821135,247.367594,rice
60,50,39,22.143079,83.768023,6.81147,266.466604,rice
71,45,41,25.943754,81.149982,6.361306,200.244113,rice
67,54,43,23.534377,84.708479,6.563805,215.233608,rice
84,60,40,27.29868,76.012612,6.734104,239.02903,rice
77,48,35,23.194755,83.15707,6.976821,219.356218,rice
71,44,42,24.456128,81.028576,6.619909,239.35502,rice
91,42,39,22.798151,78.787564,6.539565,244.684296,rice
80,46,36,22.732516,81.477485,6.133157,230.958214,rice
84,62,40,24.292366,82.12133,5.720055,235.338299,rice
81,67,39,24.393559,82.216692,5.997589,273.341741,rice
88,54,38,26.926427,78.935557,6.647137,307.389808,rice
69,43,40,22.542006,78.578408,6.455368,201.675129,rice
85,40,44,21.898517,81.527052,6.731001,196.19691,rice
82,58,36,24.124658,82.923719,6.719274,195.999102,rice
65,52,41,24.276134,83.131476,6.178391,243.748245,rice
83,42,45,24.789816,79.440872,6.672925,204.522846,rice
89,57,38,25.915765,83.290674,6.734162,297.845772,rice
77,42,38,21.823636,82.114956,6.556226,245.192451,rice
89,48,44,23.091289,88.828406,6.661497,208.342379,rice
68,51,39,25.342201,83.43577,6.403053,208.679204,rice
63,44,42,24.192416,79.310227,6.494077,248.722815,rice
70,49,40,21.071168,83.15869,6.63749,271.399165,rice
92,37,38,24.884581,83.533086,6.620568,361.413773,rice
86,56,42,25.1982,81.543354,6.710819,211.083181,rice
77,44,40,29.023715,77.818564,6.683916,183.786734,rice
75,56,40,21.221187,80.583271,6.681451,212.463084,rice
82,48,38,28.631071,83.821406,5.680697,242.259765,rice
72,54,38,23.436106,83.511969,6.750329,197.190367,rice
76,44,38,27.760545,83.271956,5.963473,266.030513,rice
104,56,36,22.586262,85.340587,6.168162,250.624131,rice
89,40,40,16.245085,79.84147,6.33655,195.647047,rice
98,36,39,24.000703,85.759056,5.898731,274.002822,rice
80,40,41,24.157837,80.859479,6.455827,223.677308,rice
81,53,44,20.853024,87.41928,5.707728,231.266984,rice
86,50,38,23.221319,81.116798,6.211935,263.812068,rice
84,42,42,24.406789,84.250869,6.662963,209.257662,rice
74,53,41,23.651926,82.581586,6.902736,216.97393,rice
86,46,39,26.227187,84.280999,6.730999,278.628061,rice
80,53,39,24.445583,81.987657,6.465889,255.542603,rice
71,64,37,20.907366,85.079466,6.722915,256.483894,rice
87,48,38,23.87435,80.674812,6.790794,231.420635,rice
71,45,41,22.403434,80.326671,6.520164,244.161414,rice
74,44,40,20.369406,78.922087,6.164176,229.262968,rice
83,59,42,23.332141,82.254361,6.059064,235.598323,rice
77,50,38,24.894497,85.978573,6.389759,249.255631,rice
88,44,40,23.728963,82.534423,6.143986,236.996581,rice
85,59,42,28.65232,80.458366,6.752759,242.158615,rice
104,41,38,22.321397,77.20265,6.235471,211.528188,rice
82,50,45,25.885975,80.915431,6.097587,252.187373,rice
65,62,43,22.620896,78.188477,6.930933,232.477455,rice
94,35,38,23.712061,82.412753,6.263476,256.442623,rice
68,46,40,24.883209,84.007876,6.013882,186.341289,rice
94,50,38,27.26765,82.577619,6.86634,238.394351,rice
103,61,39,25.934613,83.848902,6.936394,204.839988,rice
88,56,36,20.978505,77.405843,6.330319,259.520123,rice
97,48,44,20.525767,78.211882,6.409447,248.682127,rice
80,31,40,20.69972,83.907214,6.565641,205.653907,rice
74,39,40,25.896827,79.934257,6.616497,218.966627,rice
71,47,37,22.426607,79.425093,7.156948,237.346065,rice
72,49,40,23.19177,83.774,6.710278,218.958713,rice
73,45,34,20.215061,85.580498,7.038638,228.106329,rice
86,50,48,26.275022,81.992998,6.07645,183.990495,rice
82,42,36,22.212882,79.704285,7.054242,264.853292,rice
80,59,40,21.719046,85.955498,6.629397,202.4895,rice
78,41,36,25.830208,86.8826,5.91253,254.4965,rice
73,44,38,21.712821,82.416452,6.122548,244.989847,rice
79,46,38,22.373426,84.112939,6.615339,204.429455,rice
81,53,36,24.949728,80.709703,6.641122,211.394077,rice
60,35,40,24.297362,80.12964,6.666279,182.200598,rice
79,38,38,23.809017,80.235008,6.287714,268.904516,rice
73,54,37,24.91855,85.759765,5.515492,210.300904,rice
86,46,41,22.310834,82.507815,6.372399,274.152917,rice
83,50,39,22.578506,81.26186,6.575947,222.518004,rice
83,64,42,22.950146,85.182913,6.279012,169.960953,rice
69,33,39,23.742362,86.32345,6.550963,229.079233,rice
89,30,40,25.47299,78.751393,6.853189,247.201133,rice
75,53,46,24.118292,82.895729,6.260036,208.580058,rice
89,41,40,22.601388,83.449552,6.553455,269.920048,rice
74,45,37,22.678126,83.205521,6.710086,206.229627,rice
90,58,41,28.01663,80.442906,5.969478,178.391592,rice
97,53,40,24.343928,79.598826,7.334928,240.399688,rice
81,53,41,24.214933,80.402861,6.604443,297.365796,rice
95,60,39,21.423909,81.998111,6.450618,271.761224,rice
61,60,40,22.718174,79.870949,5.817703,262.953044,rice
81,38,37,22.927695,86.305652,6.333951,187.347854,rice
77,45,33,23.575122,81.745757,6.687596,296.291073,rice
93,46,37,29.618728,82.442124,6.435154,235.415935,rice
82,46,38,22.442224,82.221392,6.228933,213.032512,rice
81,46,44,17.602769,84.919616,6.891052,168.814817,rice
76,45,36,21.911022,79.634618,7.07834,266.609548,rice
94,53,37,22.493603,83.474499,5.977813,259.372449,rice
77,45,42,24.721806,81.433681,6.858952,201.065442,rice
87,52,39,24.450106,79.297327,6.77189,230.190681,rice
72,56,18,17.892924,56.694202,6.504524,65.849646,maize
99,33,25,23.075256,64.577749,6.021134,90.707214,maize
77,57,20,22.880966,63.136494,6.226083,89.355466,maize
58,38,22,22.946769,64.10649,6.257742,89.944209,maize
71,42,20,19.269207,67.304565,5.534915,100.031503,maize
83,50,23,27.729518,70.577598,5.476833,65.862261,maize
70,49,21,20.07762,66.108541,5.932739,75.749537,maize
61,41,16,19.277206,70.789666,5.851252,123.759255,maize
84,50,17,24.640992,61.991556,6.301244,122.689251,maize
77,57,18,22.288037,74.662323,5.986674,111.624239,maize
86,44,22,25.512174,68.457774,5.590506,74.03837,maize
75,48,22,22.968643,57.88914,6.409683,93.836669,maize
84,57,22,23.869376,64.721105,5.552396,91.15835,maize
80,50,16,18.940619,70.787025,6.233387,94.88621,maize
78,49,23,20.748657,65.619052,6.055844,78.369456,maize
74,50,18,26.41842,60.269121,6.171514,78.29198,maize
95,50,23,17.646207,66.542071,6.623645,86.017803,maize
90,44,24,29.756474,63.140672,6.062889,106.31009,maize
96,44,19,21.498289,57.839967,5.864166,69.938717,maize
69,48,20,27.361602,59.708888,6.663415,81.632965,maize
77,54,17,23.623711,65.998842,6.45683,89.079696,maize
107,44,18,20.40595,62.100424,5.982297,102.397445,maize
95,44,17,23.90853,62.117996,6.515831,87.803261,maize
60,60,25,20.439076,63.006412,6.370063,89.74996,maize
86,64,19,19.845449,57.651676,5.943009,84.309721,maize
99,44,20,22.347447,71.517324,7.311312,76.943142,maize
72,56,22,28.309463,68.253212,6.099097,93.541691,maize
91,55,21,25.813359,71.414196,6.830507,94.400906,maize
76,50,23,19.785806,67.090836,6.084798,85.225423,maize
93,50,20,18.04846,69.129769,6.521103,116.81617,maize
74,50,21,27.44785,64.585404,6.367189,93.796868,maize
80,45,20,25.835622,59.556817,6.305847,74.438212,maize
92,37,18,23.607078,73.55383,6.222385,76.583047,maize
100,37,13,23.808046,62.388907,5.821082,95.283675,maize
81,44,16,25.191863,68.611086,6.208346,112.130228,maize
65,37,18,22.254125,66.414033,6.148681,90.01042,maize
63,59,20,25.975347,66.950717,6.441836,93.232556,maize
83,53,24,23.028868,68.92862,6.212311,106.113735,maize
70,62,20,17.82152,65.791764,5.963958,97.241525,maize
70,45,14,20.95262,52.011052,5.584761,96.054137,maize
87,52,17,22.247324,65.080546,5.763487,107.050295,maize
88,47,20,23.066825,54.074632,6.146185,74.706633,maize
66,46,25,24.450697,62.015633,6.490485,105.51046,maize
89,49,18,24.634315,67.224821,6.625981,94.200543,maize
90,44,24,23.032319,76.306409,5.960541,110.492264,maize
80,43,18,21.374889,67.390496,6.469591,76.30924,maize
78,65,25,23.796236,65.305219,6.300413,93.880066,maize
66,46,15,23.677514,68.594858,6.047062,108.095004,maize
63,37,20,25.750715,74.19321,6.057269,100.764476,maize
77,47,22,24.487433,56.587482,6.870147,105.225352,maize
70,51,21,23.234156,62.128352,5.967918,84.4218,maize
92,53,19,24.869436,49.71787,6.732482,59.052236,maize
74,40,16,26.114646,62.574414,6.395532,84.105575,maize
83,49,16,25.588054,62.433714,5.596236,78.463896,maize
96,55,19,21.282375,63.363171,7.122234,90.452645,maize
83,56,20,21.571065,64.039711,6.219927,84.249111,maize
86,49,22,22.141707,65.52463,5.410756,98.36165,maize
82,56,11,29.082799,64.346216,6.715437,69.409392,maize
85,40,18,28.5249,64.070315,6.341322,97.677002,maize
84,50,21,30.09093,64.788858,6.334462,100.349685,maize
91,57,22,18.742384,73.92053,5.768535,89.279005,maize
69,48,21,23.428343,67.378372,6.927759,91.512308,maize
75,56,23,18.471655,68.32596,6.544493,80.39606,maize
94,47,20,21.84617,65.184127,5.789564,63.487247,maize
97,42,17,15.509152,61.649607,5.694302,109.101824,maize
90,43,26,25.54165,63.345911,5.20025,118.70595,maize
61,36,23,30.207208,72.575073,6.486842,93.602364,maize
88,54,21,22.733444,64.761997,5.933335,80.646009,maize
58,48,17,18.868514,66.071428,6.834641,98.391086,maize
59,41,23,19.25604,63.886981,6.481022,70.468502,maize
79,38,18,23.423302,56.497834,6.434999,84.509361,maize
84,50,24,22.800718,62.78121,6.301365,92.840811,maize
78,49,18,20.278717,57.525932,6.984822,66.390824,maize
70,43,22,21.456161,71.837807,5.967134,88.929114,maize
68,65,16,23.391426,68.522395,6.423796,82.057743,maize
76,49,19,25.484413,77.036824,6.015853,64.526916,maize
77,68,17,27.645174,74.159584,6.017493,93.22095,maize
97,46,19,20.538621,59.620314,5.977303,66.685684,maize
78,43,20,17.421134,66.886753,6.600082,55.292712,maize
82,58,16,27.752232,67.362703,5.953895,83.974618,maize
84,49,21,19.453845,66.014548,5.65624,83.153854,maize
67,43,23,25.892192,68.389346,5.791229,80.117155,maize
92,49,27,23.658617,66.137065,6.120171,86.776405,maize
76,54,23,19.884834,57.911342,5.478794,92.318272,maize
65,32,21,30.377598,65.067217,6.602166,86.011075,maize
77,55,19,23.255655,66.837168,5.969402,99.482227,maize
76,43,21,19.524902,65.252178,6.24617,100.871254,maize
83,48,22,26.848664,68.112176,6.254348,65.384824,maize
65,46,18,21.801692,65.40591,6.472471,83.756618,maize
84,49,14,19.394127,64.321927,5.741928,93.678945,maize
96,58,19,27.170324,65.902804,6.108424,75.721641,maize
74,45,20,22.913837,65.116449,6.433514,102.421565,maize
89,37,12,25.389824,57.718855,6.155599,67.482327,maize
57,53,22,20.555167,51.108372,6.020577,90.598699,maize
60,50,20,24.253733,65.745734,5.841311,102.509258,maize
76,48,17,20.981497,60.322065,6.177363,110.133286,maize
62,36,24,21.730164,61.487007,6.68676,75.83689,maize
99,54,18,29.303386,61.829139,6.56168,89.22953,maize
93,60,20,19.989063,67.58385,5.96536,114.598131,maize
79,46,20,18.089196,59.853284,6.754174,75.077965,maize
32,72,83,20.122221,18.692886,6.96917,68.441153,chickpea
52,66,79,21.15793,17.901214,7.563385,97.853019,chickpea
35,74,80,19.356607,19.651243,7.58884,84.514028,chickpea
48,65,77,17.123824,13.360558,8.347541,71.053691,chickpea
38,66,81,20.286753,18.448852,7.054292,78.729602,chickpea
42,66,85,19.734657,18.22278,7.664812,89.722486,chickpea
42,59,81,17.792693,15.94849,7.627318,90.253921,chickpea
40,70,85,19.30928,21.58303,7.6171,65.661745,chickpea
46,71,84,20.044408,16.650779,6.740094,78.386009,chickpea
33,64,82,21.738838,17.610409,6.754017,83.745742,chickpea
49,63,80,18.92497,15.487183,7.657657,79.108225,chickpea
43,61,79,20.128048,16.2289,8.186212,76.822983,chickpea
42,74,76,15.906625,14.153819,7.958666,75.574763,chickpea
60,64,80,21.521587,20.510967,8.350137,90.008603,chickpea
48,72,82,17.962984,15.427242,7.338347,78.704486,chickpea
37,73,83,19.050292,19.559554,6.780572,78.511992,chickpea
35,55,80,18.693029,19.62421,7.649098,71.701668,chickpea
55,76,82,18.514977,15.173009,7.157619,89.027739,chickpea
55,79,78,16.99665,17.153595,6.473465,82.749975,chickpea
39,64,75,19.77312,15.941138,6.766741,56.54745,chickpea
40,80,85,18.122936,15.816018,7.569699,71.913239,chickpea
42,73,83,18.729738,16.533387,6.909789,73.319581,chickpea
38,70,83,17.534596,19.586839,7.207149,79.924788,chickpea
34,51,82,20.152635,16.39361,7.372825,84.330702,chickpea
28,64,82,16.767708,17.428404,6.675275,83.924726,chickpea
40,56,83,17.651194,15.441546,7.438279,89.518826,chickpea
32,68,81,20.07828,17.217595,7.160156,73.31376,chickpea
41,60,71,19.642152,18.527083,6.182163,71.820208,chickpea
45,82,80,17.662395,16.570786,8.013689,74.803094,chickpea
34,64,77,19.10854,19.824421,7.498309,78.030701,chickpea
38,57,82,18.767677,16.575136,8.904623,82.549774,chickpea
34,65,83,19.09256,14.3111,7.790422,74.621218,chickpea
55,75,79,21.077728,17.02214,7.757859,84.074809,chickpea
33,63,83,18.330882,16.173433,6.87199,83.573512,chickpea
56,60,80,21.300775,16.756645,7.561662,71.388373,chickpea
43,66,83,20.918556,21.561215,7.62402,82.77153,chickpea
42,65,81,18.397818,17.20323,7.985623,71.846351,chickpea
49,77,80,15.292847,15.80592,7.975527,79.912482,chickpea
32,64,82,19.829447,16.469922,7.160256,76.887583,chickpea
33,79,79,20.969169,19.638369,7.829172,76.560713,chickpea
43,68,77,19.451411,14.777728,7.921963,76.290138,chickpea
42,70,79,19.897379,16.045173,7.766936,69.062967,chickpea
41,82,77,17.747834,17.825034,7.427995,82.975167,chickpea
44,72,83,19.596692,16.465736,7.669561,95.679032,chickpea
39,61,83,18.695352,12.989195,7.755237,75.710309,chickpea
39,70,80,20.106068,16.116125,7.591422,77.971717,chickpea
46,72,77,20.74617,15.935266,7.735948,83.111756,chickpea
54,66,79,18.866987,16.354276,7.731972,66.846253,chickpea
32,60,83,21.808043,16.711991,7.257277,80.674428,chickpea
49,61,81,20.557836,17.80197,7.432895,88.308578,chickpea
19,73,78,15.787924,17.820165,8.013093,78.972922,chickpea
48,79,84,21.68794,18.235829,7.376962,66.96388,chickpea
38,62,86,18.600994,17.121769,7.610228,80.45754,chickpea
53,63,80,17.6378,14.523959,7.040233,79.796298,chickpea
37,63,76,18.758721,14.191503,7.712427,80.776006,chickpea
29,66,78,19.442597,19.312811,6.421165,81.043214,chickpea
39,73,81,17.621652,16.325703,6.949947,88.923259,chickpea
40,81,80,17.695708,14.175314,6.456462,67.110085,chickpea
42,71,75,20.421565,16.03049,7.411929,93.320209,chickpea
47,66,77,15.241914,15.605524,7.236546,72.005128,chickpea
39,68,79,17.794996,17.203578,7.556551,71.158728,chickpea
51,67,80,20.103965,17.319789,7.807037,82.454418,chickpea
35,70,77,19.084551,16.840186,7.238023,79.045992,chickpea
25,64,80,19.171756,15.050185,7.960197,72.997366,chickpea
48,71,78,21.918029,14.751454,7.790386,88.304775,chickpea
35,78,79,19.390779,17.368579,7.274189,86.748628,chickpea
46,55,84,16.073764,18.758583,7.892086,71.154075,chickpea
37,60,79,18.376342,18.303389,7.982051,91.544607,chickpea
36,66,75,17.530021,18.636733,8.131636,69.978339,chickpea
35,68,81,17.523674,17.66331,7.107819,79.981491,chickpea
44,68,79,18.713663,16.740947,7.158695,77.977872,chickpea
53,72,79,20.084822,16.299125,7.914831,83.131066,chickpea
39,71,75,16.984495,14.750935,7.410042,94.306623,chickpea
58,72,81,15.838202,15.923187,6.953986,75.00905,chickpea
39,64,74,20.171447,14.969063,7.457231,97.107478,chickpea
33,50,79,20.771631,20.425025,6.737521,84.172934,chickpea
36,67,88,16.34495,17.356731,7.56917,89.003448,chickpea
41,70,79,19.357516,16.282254,7.64457,77.069195,chickpea
43,68,83,18.812631,13.708542,7.958342,72.672995,chickpea
35,64,84,15.269354,22.547947,7.857468,81.930559,chickpea
40,70,81,19.996866,17.900088,7.383895,78.481825,chickpea
39,66,83,19.909046,11.6073,7.661391,81.696837,chickpea
40,65,83,20.510795,15.50882,7.539456,72.132415,chickpea
29,63,82,20.520313,17.823554,7.695297,84.332662,chickpea
35,71,82,20.182295,19.040044,7.687069,82.981875,chickpea
48,68,77,18.622786,15.559175,7.009163,78.914947,chickpea
34,66,74,19.262599,16.90217,6.939627,85.505814,chickpea
47,56,78,17.592458,15.208174,7.746443,78.510626,chickpea
38,54,82,16.793261,17.007879,7.475915,91.2574,chickpea
30,46,80,21.960869,19.130103,7.442733,76.068583,chickpea
46,61,81,19.759299,18.808378,8.692233,83.317811,chickpea
36,68,75,17.718988,16.163292,7.083197,81.34931,chickpea
34,76,80,18.884189,16.30979,7.416043,86.865806,chickpea
33,63,79,16.612019,15.425336,7.106652,87.269991,chickpea
42,69,82,18.666468,17.602837,7.289421,82.275971,chickpea
36,50,80,21.318672,18.567188,7.813045,90.236272,chickpea
41,69,78,18.362676,18.008388,7.929903,78.956541,chickpea
37,68,82,16.445447,12.766874,7.070237,70.090158,chickpea
36,67,79,21.369195,17.488141,7.487232,85.202099,chickpea
31,75,80,20.039817,14.970657,6.578658,86.806695,chickpea
23,61,17,23.138674,19.459059,6.012828,83.834792,kidneybeans
25,65,22,18.630892,21.306973,5.756547,81.346407,kidneybeans
25,64,19,17.415257,16.987799,5.719436,165.009078,kidneybeans
25,67,19,20.160658,22.584814,5.56107,133.200882,kidneybeans
25,73,21,20.152965,22.81115,5.84469,97.226003,kidneybeans
17,68,25,16.754411,18.958455,5.776362,107.146749,kidneybeans
22,69,19,24.122631,18.718373,5.61744,103.370258,kidneybeans
11,66,25,20.156394,22.015262,5.548374,90.799146,kidneybeans
19,65,24,21.605766,19.599376,5.789441,118.106433,kidneybeans
28,79,17,17.910685,19.33636,5.712557,117.32578,kidneybeans
27,67,19,20.509747,20.096743,6.084326,66.512305,kidneybeans
22,82,20,19.586895,20.956598,5.721137,139.534788,kidneybeans
8,79,16,19.380039,20.82736,5.844169,66.745953,kidneybeans
24,82,16,20.612207,20.408432,5.818142,106.369121,kidneybeans
17,71,26,19.58456,22.895564,5.543076,82.467309,kidneybeans
24,78,21,19.254743,21.598725,5.549935,120.710625,kidneybeans
26,64,19,20.817871,20.813904,5.739419,157.343184,kidneybeans
19,65,18,22.109318,21.273796,5.6461,138.271949,kidneybeans
29,63,14,22.820287,20.367666,5.8765,57.632456,kidneybeans
26,59,22,20.138537,19.882909,5.684874,122.714802,kidneybeans
21,72,26,15.876548,24.510983,5.766697,83.879791,kidneybeans
13,66,23,19.755617,24.320079,5.517812,105.603821,kidneybeans
13,70,23,18.963943,16.912415,5.781832,116.600095,kidneybeans
23,76,17,21.936583,23.746514,5.465426,113.73147,kidneybeans
18,67,21,18.784483,20.383725,5.755464,79.262474,kidneybeans
14,72,17,21.899044,22.432664,5.473871,89.299666,kidneybeans
28,60,19,21.347564,23.010103,5.709754,91.261,kidneybeans
29,80,23,20.330359,20.145122,5.617129,118.701596,kidneybeans
23,78,22,16.041683,23.493506,5.59031,96.492704,kidneybeans
22,82,30,21.738152,21.270246,5.835521,127.647558,kidneybeans
19,80,21,21.443906,22.798664,5.817454,126.454042,kidneybeans
17,63,17,21.286653,23.002086,5.823244,146.925065,kidneybeans
21,72,17,19.054831,22.851968,5.885856,98.69781,kidneybeans
20,57,19,22.504035,22.635369,5.830107,107.119455,kidneybeans
21,63,22,21.236627,22.485634,5.665834,53.143098,kidneybeans
27,64,17,21.972393,20.894377,5.91959,121.016646,kidneybeans
25,58,24,20.805376,20.935301,5.772942,62.382237,kidneybeans
23,60,16,15.98963,23.602839,5.649318,143.476329,kidneybeans
18,55,17,23.436691,21.319383,5.662274,109.820447,kidneybeans
24,76,25,19.128625,19.213114,5.683846,112.276872,kidneybeans
15,61,21,19.968639,21.659035,5.628641,100.255183,kidneybeans
15,74,23,15.115293,19.92688,5.510555,89.974414,kidneybeans
20,57,17,17.389315,21.973081,5.761095,88.21743,kidneybeans
22,64,19,24.618321,24.01283,5.542067,126.228444,kidneybeans
26,59,23,24.252416,19.579419,5.6032,130.832706,kidneybeans
22,71,21,21.154879,19.21235,5.917571,134.554955,kidneybeans
19,67,15,21.488488,22.629703,5.740049,133.446657,kidneybeans
19,72,17,20.036409,21.286162,5.786049,96.84659,kidneybeans
20,73,19,15.762242,24.749251,5.971033,74.239564,kidneybeans
25,64,21,20.894405,21.178066,5.624597,88.981744,kidneybeans
15,62,20,18.167448,22.827694,5.987959,91.688696,kidneybeans
22,71,22,20.305079,22.936828,5.82716,75.577271,kidneybeans
26,74,18,20.202432,22.829992,5.71651,132.187962,kidneybeans
35,62,16,20.92031,22.898813,5.713061,141.504886,kidneybeans
13,72,18,24.74232,25.186528,5.627335,92.43585,kidneybeans
26,65,20,20.168549,18.144588,5.747786,89.00167,kidneybeans
18,78,16,22.295654,21.097867,5.705238,125.264111,kidneybeans
23,72,23,19.205467,20.497974,5.576376,85.677442,kidneybeans
38,76,16,16.529364,22.467359,5.837562,119.347654,kidneybeans
19,67,21,20.331911,17.605259,5.713232,85.040542,kidneybeans
22,89,21,19.25347,23.259243,5.82723,116.192315,kidneybeans
24,82,17,21.378807,19.932514,5.838882,83.39218,kidneybeans
18,65,23,22.579827,19.357709,5.758789,88.515294,kidneybeans
13,66,19,26.652135,22.379328,5.529581,92.063037,kidneybeans
27,83,15,15.024204,24.967737,5.812338,84.626828,kidneybeans
24,49,20,20.985117,23.263686,5.587777,107.999335,kidneybeans
15,69,17,18.998128,19.807532,5.854182,126.932052,kidneybeans
19,68,16,19.290873,21.509632,6.169327,78.656808,kidneybeans
29,75,21,24.848275,22.26979,5.812265,104.598544,kidneybeans
28,75,18,16.538033,21.234635,5.621994,104.343648,kidneybeans
28,64,20,20.256661,23.127176,5.390498,91.035843,kidneybeans
22,76,19,15.033308,22.715481,5.648342,76.753167,kidneybeans
17,66,18,14.144972,23.214719,5.95398,121.862289,kidneybeans
14,66,20,21.716745,22.803013,5.632532,107.908891,kidneybeans
23,78,22,22.230453,21.750888,5.975673,115.939189,kidneybeans
16,78,22,18.903781,20.736913,5.797452,117.248027,kidneybeans
22,70,25,22.993167,21.943144,5.90061,80.603164,kidneybeans
23,81,19,17.811388,20.42624,5.575659,86.673333,kidneybeans
19,57,20,22.536148,19.966039,5.993085,118.414406,kidneybeans
27,63,23,17.151778,23.202446,5.777494,119.454655,kidneybeans
14,61,22,17.53946,22.433771,5.531258,126.680268,kidneybeans
14,71,22,18.218716,22.647648,5.791671,92.698375,kidneybeans
15,53,21,15.875033,21.77162,5.707848,122.538998,kidneybeans
19,65,22,21.004657,22.169081,5.825083,68.278483,kidneybeans
25,72,17,19.440983,21.529247,5.728481,114.079569,kidneybeans
29,75,16,21.779589,23.99208,5.811889,132.62902,kidneybeans
33,75,21,22.921739,21.860798,5.753824,97.290351,kidneybeans
30,62,25,21.449633,19.081249,5.808824,54.449351,kidneybeans
24,74,18,20.433579,25.117483,5.669081,79.956764,kidneybeans
30,82,20,22.83095,24.014657,5.631203,94.010007,kidneybeans
28,80,22,17.724501,25.17671,5.665045,97.689124,kidneybeans
23,79,23,21.220137,22.433919,5.756962,119.574418,kidneybeans
6,65,21,16.992262,22.295382,5.717285,148.909155,kidneybeans
30,64,20,19.900342,20.787013,5.781204,87.322089,kidneybeans
14,72,22,17.928347,23.21164,5.648948,112.102548,kidneybeans
26,67,22,18.70564,21.24636,5.717062,87.608831,kidneybeans
20,56,19,19.330836,21.138876,5.71136,104.386777,kidneybeans
24,74,18,16.851358,19.72432,5.672048,97.277928,kidneybeans
16,58,19,20.589852,22.671053,5.660812,95.781553,kidneybeans
15,67,17,21.647445,18.38544,5.692459,113.27713,kidneybeans
22,87,21,22.579322,47.16445,4.404528,147.098127,pigeonpeas
16,74,19,27.104494,41.871533,7.146304,139.926966,pigeonpeas
31,73,22,29.580539,51.959214,4.286415,141.189275,pigeonpeas
26,67,16,27.432737,64.800234,6.762576,147.652281,pigeonpeas
26,65,15,22.985223,63.41631,5.576285,142.247157,pigeonpeas
19,81,25,39.015779,46.541357,6.020587,104.304052,pigeonpeas
29,60,21,22.103757,42.329105,5.136935,131.385317,pigeonpeas
18,64,23,22.0652,50.261306,6.740008,134.206748,pigeonpeas
17,66,24,28.689949,42.8941,6.167424,116.651694,pigeonpeas
25,71,19,23.423212,39.410527,6.207158,186.123619,pigeonpeas
17,71,14,24.71845,47.795622,5.080447,121.59211,pigeonpeas
17,70,20,16.285021,27.317139,5.316645,163.13906,pigeonpeas
5,64,19,34.780523,44.326786,6.088731,153.709463,pigeonpeas
8,73,21,30.29217,86.57713,4.164392,200.89596,pigeonpeas
19,70,20,25.536395,42.515637,6.047017,104.288224,pigeonpeas
25,65,17,25.404934,60.420062,5.372439,160.181918,pigeonpeas
16,73,22,37.127905,46.379473,6.311551,152.422413,pigeonpeas
28,63,23,26.707044,47.470956,5.861567,157.016764,pigeonpeas
20,69,25,32.725793,56.617715,5.434679,123.000623,pigeonpeas
26,74,25,24.619699,45.850423,4.511202,137.804361,pigeonpeas
26,64,22,26.728434,51.275759,4.894801,152.039242,pigeonpeas
3,66,15,33.850572,55.718592,6.154003,194.825986,pigeonpeas
15,80,23,26.493568,59.229077,4.927091,124.929478,pigeonpeas
17,64,17,33.937724,45.563227,6.064954,132.503529,pigeonpeas
10,70,15,27.349966,34.690513,7.340075,176.658609,pigeonpeas
21,77,18,30.471745,50.058142,5.995936,187.416134,pigeonpeas
25,70,15,22.803764,46.897452,5.86283,115.819929,pigeonpeas
35,78,22,28.067388,46.020352,5.047504,151.808919,pigeonpeas
22,59,21,26.908179,29.403486,5.1189,137.174555,pigeonpeas
32,72,16,30.178785,32.936421,6.634499,135.460485,pigeonpeas
20,77,16,20.574697,42.380727,6.599936,104.223487,pigeonpeas
4,65,22,33.821335,43.561019,5.469087,183.886242,pigeonpeas
10,65,21,29.991015,43.103894,5.816864,75.347845,pigeonpeas
17,71,17,28.00082,52.479351,5.522812,154.57982,pigeonpeas
15,66,22,28.500562,42.351994,5.964889,170.795372,pigeonpeas
9,76,19,29.869999,59.83302,4.720095,128.358658,pigeonpeas
19,62,26,23.330462,42.655642,5.949423,113.675944,pigeonpeas
18,70,19,27.223727,42.912545,4.608713,159.083478,pigeonpeas
31,68,21,31.232886,35.660561,7.117961,155.529398,pigeonpeas
30,63,26,31.653293,53.519793,5.972539,142.093847,pigeonpeas
28,69,14,22.002349,46.278712,6.031799,147.813663,pigeonpeas
28,54,21,18.428306,55.54518,5.716322,162.004377,pigeonpeas
16,77,23,30.676076,46.830731,6.242289,128.434601,pigeonpeas
26,79,24,23.979027,51.64189,4.78135,166.557231,pigeonpeas
23,55,17,26.255992,45.151574,4.846608,161.091566,pigeonpeas
22,66,18,33.048406,64.32299,5.412822,131.257426,pigeonpeas
24,65,20,31.472231,29.38831,6.818276,151.66588,pigeonpeas
18,67,20,18.870873,62.750395,5.822234,162.701463,pigeonpeas
26,61,22,26.33503,56.398354,4.130763,146.54699,pigeonpeas
17,71,22,24.091108,41.120696,5.703681,122.780062,pigeonpeas
26,65,12,25.788408,37.922271,4.517605,112.624686,pigeonpeas
21,77,21,24.606833,52.567861,5.43191,128.800909,pigeonpeas
14,55,19,28.506073,47.153088,5.465546,121.316767,pigeonpeas
24,58,23,22.588693,40.726135,4.645908,134.558216,pigeonpeas
26,71,23,30.362927,37.284036,5.531984,126.250066,pigeonpeas
28,59,23,32.254065,66.030278,5.470444,170.7272,pigeonpeas
34,63,16,18.111949,55.084578,4.321143,138.404892,pigeonpeas
23,69,22,28.833678,60.632885,5.047193,129.325545,pigeonpeas
16,74,23,30.001249,59.698238,4.871128,199.183279,pigeonpeas
30,73,26,19.251222,42.960408,5.216463,171.000084,pigeonpeas
15,73,24,31.245535,50.88076,5.019459,124.263841,pigeonpeas
28,73,20,25.568661,28.247083,4.954735,206.460289,pigeonpeas
13,69,23,21.299894,49.910163,6.521574,149.87248,pigeonpeas
37,56,23,26.818711,55.664818,6.13422,127.651945,pigeonpeas
22,55,22,29.220608,54.35887,6.615332,160.455071,pigeonpeas
22,62,18,33.752347,62.176087,5.604274,150.870882,pigeonpeas
15,76,22,37.600209,39.492434,5.495154,156.397088,pigeonpeas
24,66,18,32.195178,55.167127,5.075306,189.892195,pigeonpeas
27,69,21,30.525695,39.65531,5.813425,85.35897,pigeonpeas
26,57,25,26.016388,46.025664,5.300368,140.916442,pigeonpeas
29,50,24,29.42392,36.271188,4.951256,199.456512,pigeonpeas
15,60,24,29.42662,38.908329,5.958967,118.93257,pigeonpeas
27,75,22,29.544471,65.359644,5.789755,114.280151,pigeonpeas
23,82,17,25.85654,52.181171,5.747954,120.227353,pigeonpeas
27,84,21,23.089252,32.920187,5.991221,182.395545,pigeonpeas
23,68,19,22.129965,56.280563,6.502742,103.437252,pigeonpeas
30,72,24,20.855148,34.714923,5.673804,164.482976,pigeonpeas
31,73,20,22.465517,60.154006,5.03753,198.028363,pigeonpeas
19,79,22,27.001323,43.009916,5.524092,162.263837,pigeonpeas
21,64,20,28.100743,27.238406,6.147371,120.304308,pigeonpeas
14,56,15,20.787218,41.151595,7.313542,133.828786,pigeonpeas
22,71,21,27.305038,36.386121,6.921723,203.35446,pigeonpeas
11,61,19,22.780857,53.058462,5.221948,214.018671,pigeonpeas
28,69,23,33.340092,42.573315,5.153351,151.828663,pigeonpeas
26,69,16,23.605595,47.375066,5.730981,208.281757,pigeonpeas
13,71,25,39.284394,44.136905,6.173315,166.478859,pigeonpeas
22,67,22,14.785545,54.784281,5.888419,142.870248,pigeonpeas
33,63,19,37.856922,39.945799,5.36091,145.118642,pigeonpeas
26,69,16,24.98594,42.147927,5.729768,162.190141,pigeonpeas
23,55,23,28.988101,61.668414,6.136475,182.319424,pigeonpeas
23,77,22,27.200632,70.36986,6.483449,166.597584,pigeonpeas
13,59,21,28.442158,42.081599,5.899967,196.841082,pigeonpeas
25,60,20,23.594671,44.300541,5.46738,135.266162,pigeonpeas
13,67,19,12.759812,68.219126,6.63924,138.286238,pigeonpeas
21,59,25,37.376172,49.635599,6.588354,154.723546,pigeonpeas
13,65,21,25.381807,45.957198,5.718708,147.089821,pigeonpeas
21,60,18,21.14862,57.682592,4.147595,183.876992,pigeonpeas
29,66,12,25.857316,47.470995,5.001733,134.146492,pigeonpeas
30,72,18,19.552244,44.89523,5.623504,164.286736,pigeonpeas
18,71,26,31.859055,47.628733,5.647143,138.871141,pigeonpeas
28,43,20,28.307516,49.787867,5.210491,55.011099,mothbeans
21,52,19,30.763725,47.237938,8.850208,30.577889,mothbeans
24,52,18,29.091227,61.900727,4.214154,57.132389,mothbeans
7,41,25,26.978258,45.217616,6.596433,75.601295,mothbeans
11,40,25,32.101175,52.496668,5.367918,75.930953,mothbeans
31,53,18,28.097038,52.109551,7.220405,68.321817,mothbeans
27,40,24,28.857577,57.872047,8.560518,38.083353,mothbeans
21,44,16,28.928091,70.278585,4.658708,50.819089,mothbeans
25,49,20,25.471646,54.78295,5.937019,25.358924,mothbeans
28,55,20,28.681057,60.505362,7.094721,61.867407,mothbeans
20,58,21,28.607509,44.563585,7.168608,41.382932,mothbeans
18,42,17,32.66202,62.253106,9.096034,36.769839,mothbeans
22,38,18,26.271933,61.629171,6.362449,63.806876,mothbeans
25,65,16,30.84439,60.995798,5.681413,63.084173,mothbeans
23,46,18,26.68987,67.138722,6.830806,60.429134,mothbeans
17,42,23,25.36589,50.376546,6.870152,52.514197,mothbeans
20,51,22,29.742739,46.496534,6.494697,65.298202,mothbeans
27,38,21,24.045727,53.519157,9.069365,40.014866,mothbeans
16,54,16,26.871214,57.2558,6.081543,48.415554,mothbeans
26,51,21,27.487843,55.716416,6.683995,56.602106,mothbeans
18,47,17,28.126484,47.685194,5.515425,54.252202,mothbeans
23,54,19,29.056911,56.945423,7.354833,41.457287,mothbeans
22,51,20,23.818397,54.291329,9.440787,46.951537,mothbeans
17,51,21,30.704744,44.646497,7.693029,58.16698,mothbeans
21,51,23,30.031862,45.427469,7.797787,50.436674,mothbeans
22,49,20,30.702586,52.630718,5.508936,46.556348,mothbeans
22,57,22,26.413876,70.099291,7.142435,66.249611,mothbeans
21,52,23,30.758209,60.390104,7.859192,47.481977,mothbeans
18,50,23,27.732287,60.443169,8.544088,40.387413,mothbeans
16,47,21,27.098409,62.394978,7.330399,51.665475,mothbeans
13,38,21,23.721549,60.085934,6.643378,89.468497,mothbeans
35,47,20,30.290721,64.781574,4.897126,30.12077,mothbeans
18,52,22,30.44652,45.042057,4.09695,61.324568,mothbeans
17,33,21,29.865669,52.370012,6.289739,49.319526,mothbeans
19,38,18,29.294688,55.387414,7.028311,39.457248,mothbeans
20,32,21,31.200601,43.175902,6.138605,55.08346,mothbeans
29,45,18,24.065261,53.903379,9.23965,54.47283,mothbeans
21,50,20,26.49267,58.798303,7.096399,51.407836,mothbeans
16,58,22,27.038866,60.012409,6.242866,41.972359,mothbeans
17,35,22,24.354596,44.846582,4.380806,50.184378,mothbeans
21,46,17,25.738309,56.357715,6.180349,54.933028,mothbeans
16,49,24,29.430948,50.395586,7.133495,48.360151,mothbeans
21,46,20,28.645396,46.445161,5.631263,34.815198,mothbeans
12,39,21,26.325146,56.692578,6.870962,27.97165,mothbeans
25,54,17,29.082402,47.375812,6.945251,36.278919,mothbeans
11,45,20,27.364873,45.148592,6.358119,54.377678,mothbeans
21,49,18,30.660608,45.202021,7.405321,65.146315,mothbeans
24,47,19,30.375784,43.523771,5.685253,46.508818,mothbeans
29,51,17,27.548354,49.022603,5.992449,62.750897,mothbeans
13,60,23,30.49081,50.052011,6.65307,34.288809,mothbeans
18,52,24,25.874971,50.71456,6.651467,34.729687,mothbeans
25,43,20,27.250906,47.832498,6.821687,48.655807,mothbeans
19,43,21,31.672596,54.151233,8.005419,34.795381,mothbeans
22,40,16,26.64732,61.304915,7.951019,54.067456,mothbeans
12,47,21,28.568626,40.662204,5.779425,50.443882,mothbeans
25,32,20,28.500402,58.977362,7.647572,58.074342,mothbeans
17,34,19,30.303427,62.675491,7.668448,56.266222,mothbeans
24,44,20,31.705046,46.790606,8.735439,47.400068,mothbeans
29,38,22,26.652783,43.576183,7.08787,63.111767,mothbeans
16,37,20,28.016386,56.928573,7.950522,50.498901,mothbeans
32,50,19,24.815709,51.413915,6.433063,62.531597,mothbeans
24,39,21,29.610215,63.590613,7.877255,60.177991,mothbeans
22,51,24,25.401167,50.823813,5.918369,55.674007,mothbeans
29,44,13,27.334336,59.411621,7.464403,56.252598,mothbeans
20,39,22,26.448008,68.051858,7.503199,44.34835,mothbeans
18,47,20,30.545351,54.46763,5.966675,73.5072,mothbeans
22,54,18,28.962543,55.315548,4.600214,74.980246,mothbeans
29,45,17,28.929879,53.789544,7.249689,53.460613,mothbeans
24,59,22,25.995723,62.465427,8.765925,88.394269,mothbeans
15,50,14,29.361613,49.472238,9.099666,42.059543,mothbeans
11,45,14,29.777309,39.157435,6.86358,26.681821,mothbeans
20,60,21,26.386663,52.987816,6.85126,56.777038,mothbeans
13,52,12,26.877242,49.879738,7.577326,51.467044,mothbeans
13,41,21,28.033959,49.261956,6.262616,59.414782,mothbeans
18,47,26,25.210266,40.607469,7.754636,43.192012,mothbeans
20,42,19,31.55693,58.654474,7.847424,34.488521,mothbeans
15,27,18,30.209077,56.715236,6.568614,50.936857,mothbeans
17,50,22,24.806638,55.237604,7.930273,46.301817,mothbeans
26,69,20,29.025945,48.181212,7.043876,56.631205,mothbeans
23,40,21,31.270611,56.250723,7.965145,48.403259,mothbeans
26,50,17,28.868894,46.456463,6.083201,53.434074,mothbeans
23,39,23,29.401213,48.407847,5.01565,49.490126,mothbeans
19,49,19,23.984341,50.559241,6.469369,58.6772,mothbeans
17,60,15,30.953452,51.674631,7.84431,52.141658,mothbeans
28,45,17,31.183059,52.428332,7.091439,65.770073,mothbeans
15,52,18,27.922444,53.691497,5.059738,42.009723,mothbeans
29,55,20,28.710559,51.199151,8.430768,48.83584,mothbeans
23,56,18,31.473457,42.792862,8.752978,46.802428,mothbeans
20,34,19,26.016406,49.068005,6.667973,62.501941,mothbeans
23,50,17,26.350416,65.43133,5.962463,70.743257,mothbeans
20,48,23,30.870974,52.446475,6.371873,50.540139,mothbeans
23,55,20,29.499661,64.340846,7.279945,54.877504,mothbeans
12,29,21,28.000869,49.699478,7.117366,50.487236,mothbeans
28,49,18,30.279349,51.723509,7.451313,45.566554,mothbeans
18,49,20,29.207637,51.373209,4.663095,46.093268,mothbeans
26,46,19,30.271391,48.358582,5.009492,49.304553,mothbeans
19,41,20,29.232162,53.136838,7.192238,72.598211,mothbeans
19,50,19,26.422645,49.222628,6.265065,55.441814,mothbeans
35,43,19,28.067442,55.891432,7.14099,66.35233,mothbeans
7,30,19,30.50433,42.553593,3.280994,57.939917,mothbeans
22,39,17,28.024205,85.842659,6.519579,52.253699,mungbean
4,41,16,28.594927,83.832052,6.97531,33.897173,mungbean
21,51,26,28.414587,86.505822,6.142764,29.742742,mungbean
26,47,24,27.701278,87.111697,7.318022,51.673704,mungbean
23,47,15,29.884458,83.606341,6.881435,36.208332,mungbean
14,58,19,29.96262,85.257485,6.130593,55.358127,mungbean
17,53,20,27.565505,86.009314,7.422791,52.245294,mungbean
21,55,21,28.967627,82.115962,6.794831,56.476459,mungbean
16,58,20,28.089784,88.592659,6.628226,54.324216,mungbean
19,47,21,29.032718,79.313851,6.361202,55.649398,mungbean
20,43,16,27.936211,79.232424,6.68759,43.732187,mungbean
15,47,21,30.474558,80.813161,7.091002,55.990192,mungbean
16,49,18,28.948551,90.178306,6.913794,52.367145,mungbean
18,36,19,29.765287,80.76578,6.382371,49.384888,mungbean
15,41,19,27.707506,82.480222,6.945097,38.202516,mungbean
11,43,22,28.642463,84.059799,6.734195,34.783482,mungbean
24,50,19,29.60474,82.004762,7.080931,49.605051,mungbean
19,47,20,29.776226,82.162295,6.475994,56.483163,mungbean
17,54,25,28.478564,87.612223,6.350818,54.28692,mungbean
22,51,18,27.471133,87.060081,6.059711,45.924666,mungbean
26,49,26,29.620087,83.472915,6.72874,48.030509,mungbean
12,40,18,27.171024,85.64723,6.640297,35.351428,mungbean
23,53,21,28.540745,87.333471,6.937671,50.797748,mungbean
16,49,24,28.322697,92.003612,6.551798,48.652775,mungbean
17,49,14,28.363167,82.114424,6.763308,56.15669,mungbean
25,30,26,29.036224,83.092853,6.770281,49.774281,mungbean
17,49,18,28.47651,83.372535,6.261545,49.537524,mungbean
24,51,22,29.059472,83.848551,6.988692,37.811363,mungbean
16,40,23,29.554231,87.010646,7.063018,41.541594,mungbean
23,46,23,28.707821,84.306677,6.893091,55.23412,mungbean
17,47,17,26.801551,86.121425,6.91485,50.444121,mungbean
9,45,13,29.895761,82.133231,7.121729,55.777783,mungbean
16,39,21,28.124541,85.817702,6.565495,34.506964,mungbean
8,49,18,28.357528,87.657178,7.095502,46.274151,mungbean
19,51,16,28.978522,87.210847,6.937674,33.293329,mungbean
16,41,20,29.184596,90.139802,6.561611,44.518935,mungbean
28,50,24,29.030982,81.912938,6.293399,36.298204,mungbean
25,56,26,29.474484,89.1048,6.534395,39.379957,mungbean
26,50,20,29.109897,86.501875,7.130821,58.500888,mungbean
24,54,21,28.431064,87.84535,6.273762,56.620354,mungbean
14,49,17,29.242711,85.394832,6.209678,51.681457,mungbean
17,54,20,29.116337,82.531536,6.531414,44.822619,mungbean
26,60,17,29.661479,78.774,6.337859,40.921528,mungbean
13,35,21,28.628746,86.676157,6.940951,50.471813,mungbean
25,47,16,29.646251,83.673752,6.420609,47.012241,mungbean
16,44,21,29.078673,82.716727,6.563934,56.779797,mungbean
24,63,24,29.715434,81.197607,6.964435,47.985767,mungbean
18,49,23,29.200665,82.776731,6.957587,43.426817,mungbean
22,45,19,29.412994,82.275399,7.342462,34.195529,mungbean
17,50,22,28.719619,85.322089,6.851376,46.597658,mungbean
29,54,23,28.027075,85.253896,6.623851,40.556309,mungbean
23,43,22,27.943847,90.829026,6.433174,50.110558,mungbean
26,43,23,27.816653,90.001565,6.724528,43.747991,mungbean
19,53,18,28.200514,84.813237,6.343372,62.600242,mungbean
18,54,21,28.012373,85.48154,6.970881,46.931562,mungbean
28,55,23,28.432275,82.152488,6.523652,49.930679,mungbean
24,31,20,28.926471,84.639613,7.133208,51.689885,mungbean
29,46,23,30.108053,89.56625,6.370515,46.421327,mungbean
19,51,22,28.128886,85.710299,6.073623,59.647171,mungbean
18,48,19,29.716822,76.70373,6.714685,47.574614,mungbean
18,60,17,29.417437,86.604384,7.123686,43.195925,mungbean
17,56,21,27.56405,83.828154,6.843642,54.934561,mungbean
17,25,22,27.823743,79.24625,5.813656,54.749051,mungbean
22,46,24,29.30986,90.51053,6.274325,48.130505,mungbean
11,46,19,29.301291,85.641248,6.91949,53.886833,mungbean
34,45,17,28.996867,83.012932,7.194227,46.190899,mungbean
18,44,22,28.673802,83.510833,7.252913,41.721875,mungbean
21,52,15,29.184208,82.229166,6.98329,40.891322,mungbean
25,56,23,29.001053,84.782967,6.535546,59.874071,mungbean
17,40,22,28.163091,82.554803,6.258047,44.633303,mungbean
20,49,23,29.221518,84.908296,6.656577,52.379228,mungbean
28,48,18,28.005707,81.019864,6.933206,52.908232,mungbean
24,46,24,28.412705,88.461335,6.707602,43.654864,mungbean
24,50,21,28.865023,85.382531,7.484279,57.637202,mungbean
25,48,23,29.214396,85.581235,6.622859,47.768845,mungbean
2,49,18,30.074136,85.559967,6.339532,48.010935,mungbean
15,51,21,29.566272,83.048266,6.730883,37.75283,mungbean
25,51,21,28.801295,86.785796,7.233389,46.176265,mungbean
22,39,17,28.878251,88.922194,6.63799,46.559851,mungbean
18,43,21,27.602194,89.470913,6.507065,54.030847,mungbean
13,52,22,29.107362,82.417272,6.799855,39.172162,mungbean
19,55,22,28.812146,82.4781,6.926588,48.551174,mungbean
7,53,20,29.761961,82.104661,5.703455,50.576854,mungbean
23,35,17,31.004174,84.552607,6.953907,43.324853,mungbean
9,46,19,28.480097,85.144613,6.804566,47.229088,mungbean
13,51,14,27.159714,87.79146,6.882246,47.952316,mungbean
13,42,19,27.523285,83.209011,6.928746,59.532982,mungbean
18,53,14,29.327561,83.00776,6.818351,46.467531,mungbean
29,41,22,28.576394,85.009253,6.661167,41.80375,mungbean
21,47,21,28.867604,87.973783,7.015523,40.205138,mungbean
26,38,22,29.295791,79.574918,6.749753,44.74573,mungbean
16,57,18,28.154898,85.734654,6.939389,47.295141,mungbean
28,51,13,28.376426,83.758289,6.873396,27.926427,mungbean
36,51,20,29.745254,92.765328,6.998639,55.800742,mungbean
22,46,18,28.13911,83.370256,6.287822,47.808203,mungbean
11,49,20,28.917548,83.881392,7.704595,59.008904,mungbean
14,49,18,27.988416,81.345777,6.858309,43.085234,mungbean
27,55,24,28.118091,86.973633,6.922385,44.70141,mungbean
16,59,21,29.308774,82.951564,6.329829,43.958292,mungbean
20,39,20,27.449196,82.027853,6.934692,53.109566,mungbean
37,60,16,29.116137,67.162459,7.454886,65.318035,blackgram
31,69,17,28.811669,69.340883,7.41949,68.721466,blackgram
30,69,22,29.111169,69.423565,7.582461,76.551411,blackgram
42,72,23,30.839527,63.496051,6.97301,69.140486,blackgram
30,66,22,25.298367,70.010343,7.522831,65.509224,blackgram
44,68,23,31.963635,60.619774,7.335542,66.830735,blackgram
41,62,24,32.08413,62.732732,6.662886,65.894502,blackgram
43,69,23,31.558831,68.202621,7.244399,60.675647,blackgram
38,75,19,30.95649,64.080005,6.769566,67.258611,blackgram
42,63,18,27.927127,68.681584,7.02694,75.454329,blackgram
52,67,16,25.519614,60.389481,6.649158,75.068042,blackgram
41,70,13,27.38427,67.938655,7.230371,67.134533,blackgram
44,79,19,30.045677,65.71631,7.967238,56.983347,blackgram
45,67,21,28.519518,64.943312,7.378994,84.087133,blackgram
46,61,18,28.94783,59.353942,7.014468,71.710711,blackgram
30,75,21,28.35811,64.647105,7.689413,71.714449,blackgram
40,66,19,28.825297,58.364802,7.844762,68.70769,blackgram
43,67,17,29.509559,59.981937,7.92698,61.480538,blackgram
32,64,23,29.930469,61.144365,7.569018,71.701203,blackgram
44,73,26,34.488699,62.902511,7.69836,69.892475,blackgram
44,55,19,28.19307,67.749788,7.504878,57.112671,blackgram
40,76,19,31.431034,66.223729,7.249581,66.489162,blackgram
30,59,21,29.940862,64.656761,6.981638,66.313018,blackgram
48,65,15,31.461669,64.444395,7.140989,76.259407,blackgram
40,70,16,29.438694,67.050483,6.585619,68.944394,blackgram
41,68,22,30.602321,69.82983,6.782244,68.606808,blackgram
41,60,22,34.781814,65.045581,7.306757,68.339496,blackgram
34,54,17,26.976887,70.553127,7.089712,66.101219,blackgram
47,59,17,30.042952,68.392061,7.30559,69.191291,blackgram
41,70,20,27.737058,65.247454,6.754209,68.321629,blackgram
36,86,19,26.951097,64.670623,7.311776,76.601493,blackgram
35,56,22,27.000743,63.704303,7.039833,67.537906,blackgram
45,63,18,29.870032,65.578713,7.16424,70.16723,blackgram
47,70,21,26.577331,65.260729,7.297828,71.690494,blackgram
35,63,17,31.026469,68.408419,6.987389,72.621404,blackgram
41,67,19,31.467884,66.141849,7.926539,63.468432,blackgram
44,64,17,29.877179,65.539528,8.151361,66.942442,blackgram
31,69,13,29.706891,65.151281,7.40811,72.962836,blackgram
36,66,17,27.531069,66.091663,6.684245,65.74394,blackgram
32,71,25,27.166665,59.170341,7.08629,67.981629,blackgram
42,64,19,30.671772,68.429379,6.445733,65.981515,blackgram
42,61,24,28.565639,64.967863,7.324608,64.825319,blackgram
25,64,22,29.19252,62.39141,7.453985,66.179971,blackgram
36,69,22,34.901598,67.747156,7.535944,65.268976,blackgram
32,68,20,27.635123,64.539058,7.269761,69.774046,blackgram
44,70,18,28.820809,61.263356,7.754671,67.969942,blackgram
38,61,28,27.646011,63.727687,7.275543,71.021107,blackgram
48,81,21,27.682335,64.277776,7.237741,78.654775,blackgram
29,76,20,31.659444,64.773617,6.835149,71.804538,blackgram
45,74,19,28.640374,60.111882,7.416781,70.104225,blackgram
32,64,18,26.785733,62.483416,6.733159,65.755109,blackgram
34,56,25,32.530336,62.607138,7.225347,70.070818,blackgram
49,62,22,28.749399,60.82524,7.383448,74.611944,blackgram
60,59,21,29.039417,67.606748,6.615329,61.333597,blackgram
34,68,17,31.284014,68.386063,7.339852,76.317696,blackgram
43,59,23,28.629172,68.013339,7.680807,70.274778,blackgram
28,61,23,29.544842,65.354635,7.395589,71.520879,blackgram
42,66,18,31.701588,66.871422,7.039945,73.526984,blackgram
39,61,17,27.844644,64.228288,7.561803,63.713505,blackgram
41,63,18,26.728913,64.394278,7.062203,70.709497,blackgram
42,59,22,30.341636,65.734859,7.126786,65.207661,blackgram
42,71,14,28.768602,64.28417,7.21966,74.105217,blackgram
34,64,18,28.216792,63.989003,7.399781,62.420055,blackgram
43,55,18,29.208072,70.459551,7.033819,56.453534,blackgram
24,68,21,30.688457,65.636224,7.536791,65.094126,blackgram
47,56,16,26.105213,64.220495,7.113809,68.493328,blackgram
40,61,19,26.755362,69.462333,7.023731,65.357792,blackgram
53,59,16,27.597937,64.882812,7.281071,71.746312,blackgram
60,51,21,28.730026,63.223472,6.91308,63.174398,blackgram
53,74,19,32.737133,60.259907,6.664253,56.574568,blackgram
34,69,20,30.213618,60.584618,7.411104,69.146063,blackgram
46,54,20,27.405693,63.828566,7.317028,68.373687,blackgram
33,68,15,32.315562,64.443091,7.521492,65.162035,blackgram
36,62,22,28.410195,67.162705,6.996142,57.624991,blackgram
35,59,19,27.400144,68.06312,7.098123,66.976501,blackgram
45,74,19,28.280479,59.423297,6.889883,64.690496,blackgram
41,65,21,28.612735,64.917468,7.544396,69.677491,blackgram
40,63,17,28.113712,63.368778,7.394483,66.746181,blackgram
29,80,20,26.945419,63.686083,7.16881,76.763879,blackgram
31,75,23,28.579826,64.211956,6.767292,66.842002,blackgram
40,72,22,28.328998,58.80456,7.122564,69.426395,blackgram
42,65,20,33.082434,66.321549,6.999321,65.298971,blackgram
39,79,19,29.858432,63.556597,7.514644,78.091154,blackgram
44,68,19,24.892956,67.484483,7.176958,70.127379,blackgram
34,65,18,32.045408,63.887969,7.858931,70.140485,blackgram
30,67,17,25.291797,70.218307,7.3761,70.672678,blackgram
41,58,18,31.66774,61.736096,6.243881,66.719049,blackgram
39,68,21,31.238972,65.928063,7.548436,60.001357,blackgram
44,72,15,26.743972,62.712985,6.89846,71.817781,blackgram
35,61,17,32.249128,65.141739,7.067262,67.327971,blackgram
50,62,23,30.342042,64.586658,8.005315,62.410675,blackgram
37,59,22,33.447297,70.443753,7.558382,66.872374,blackgram
37,55,25,30.884854,63.525738,7.59482,62.841625,blackgram
43,66,21,29.766496,60.457031,7.156452,73.354094,blackgram
40,73,16,29.844852,63.101567,7.391443,68.063756,blackgram
45,75,21,30.473549,61.905721,7.129025,65.12793,blackgram
37,65,16,25.789589,62.961942,7.197683,60.889479,blackgram
40,81,22,33.351437,66.351609,7.538628,64.135383,blackgram
35,48,23,33.13468,63.329833,7.041117,63.979917,blackgram
43,76,14,30.759821,64.21465,7.169688,70.286769,blackgram
18,68,19,27.50798,66.140032,7.016028,38.201385,lentil
17,75,20,26.544548,70.452838,7.335056,46.249634,lentil
16,50,19,23.489361,66.049172,6.869977,43.809728,lentil
8,62,21,29.819314,64.487919,7.057846,51.319621,lentil
14,71,17,27.180956,65.28449,7.046396,41.082668,lentil
23,83,16,23.446747,65.541144,7.236698,42.398677,lentil
2,78,22,19.096863,62.85578,7.541591,54.241999,lentil
24,67,20,24.09413,68.410367,6.588421,40.945782,lentil
25,68,24,22.418312,64.624709,6.570259,45.74344,lentil
10,65,15,26.651162,67.093086,6.255198,53.569926,lentil
33,69,17,33.255425,60.579301,6.937842,46.759771,lentil
27,71,18,21.551328,63.70617,6.537298,45.982169,lentil
16,58,23,22.957215,60.741962,6.864379,46.103392,lentil
9,71,16,29.804189,66.476674,6.774039,41.30351,lentil
18,73,19,23.826808,64.986785,6.694495,43.675085,lentil
7,75,20,22.102287,70.875952,6.963936,39.586753,lentil
24,71,21,23.180158,66.241586,6.827914,48.980055,lentil
8,65,25,22.122091,62.867717,6.755295,38.532644,lentil
6,67,20,24.337234,64.336389,6.946786,51.734765,lentil
18,64,19,26.295975,69.318486,6.685024,46.283709,lentil
21,61,19,19.956411,59.139039,7.073031,43.435139,lentil
20,68,16,24.359712,60.854076,7.472479,37.699775,lentil
18,61,21,23.472563,63.140266,7.262749,45.87364,lentil
22,61,15,24.832345,63.779692,7.17431,45.22854,lentil
20,57,25,23.99085,67.032278,6.603924,47.517258,lentil
11,72,18,24.590491,67.033517,6.449309,41.661499,lentil
21,83,19,26.332522,64.457691,7.687476,35.391392,lentil
19,57,12,25.422132,65.246393,6.818914,45.073455,lentil
37,67,21,22.486969,65.744744,6.837089,43.277941,lentil
29,77,20,17.356943,63.64477,7.984181,44.339096,lentil
25,79,20,21.890353,57.007001,7.196824,40.89294,lentil
20,60,19,24.604529,65.659499,6.495219,52.761775,lentil
15,57,19,24.606563,65.313886,7.461232,44.304952,lentil
18,61,22,25.071358,63.455911,6.187177,54.222032,lentil
12,64,20,20.79067,60.020769,6.10166,49.953882,lentil
16,89,16,21.643502,62.990742,7.024823,42.9258,lentil
22,61,15,18.925534,57.684563,6.727953,43.924216,lentil
15,77,23,23.462111,59.059452,6.708985,42.161054,lentil
15,63,17,23.301721,62.766268,7.011246,47.826175,lentil
14,77,16,19.484818,66.01849,6.611211,47.59562,lentil
5,78,21,19.848523,60.067913,7.582184,41.349459,lentil
14,52,18,23.794069,67.089578,6.384359,36.730308,lentil
21,76,15,27.852694,64.920134,7.355804,45.2857,lentil
4,67,23,21.729387,63.558512,6.861308,28.592868,lentil
28,62,21,24.231226,68.824381,7.088362,44.313947,lentil
14,74,14,26.50226,61.283057,7.418391,46.651667,lentil
23,69,14,21.83174,66.951646,6.994996,52.66784,lentil
21,62,17,24.819044,57.395059,7.582642,48.306306,lentil
26,57,23,31.417647,60.573189,7.230847,45.706549,lentil
10,72,22,22.636508,68.530933,6.279962,36.880939,lentil
20,69,17,27.009743,66.498862,7.264674,44.973495,lentil
22,65,26,21.981108,71.536952,6.943606,37.584486,lentil
27,69,22,28.293953,65.881458,6.699026,51.456709,lentil
19,73,13,25.885643,62.756525,7.574791,49.376215,lentil
20,72,16,29.532096,71.172385,7.083236,55.083381,lentil
15,63,20,25.848317,63.539243,7.13973,47.507698,lentil
13,72,22,25.031555,68.488474,6.455213,48.460907,lentil
12,60,18,21.579613,63.046413,6.846481,50.639211,lentil
17,57,23,21.905021,64.612095,7.104149,46.877701,lentil
25,72,17,31.253543,65.421867,6.872537,51.38716,lentil
20,71,27,23.647124,63.783165,6.975466,52.021944,lentil
10,54,18,19.434839,63.44054,7.125975,40.444582,lentil
11,69,22,19.245582,67.424744,7.248749,51.329102,lentil
26,84,18,24.839672,63.467397,6.930771,54.743953,lentil
11,62,24,27.662113,63.637979,7.263217,47.713173,lentil
28,69,22,32.690237,66.713917,6.949238,49.962437,lentil
17,85,20,23.653907,62.125795,7.357916,50.816406,lentil
16,72,15,25.073409,66.24882,7.595859,41.152169,lentil
11,62,15,28.643638,69.755646,7.054884,52.90564,lentil
20,68,18,23.537788,59.847035,7.033059,45.46203,lentil
23,69,19,21.799302,65.03089,7.217913,38.9543,lentil
19,70,17,22.677645,65.537955,6.487966,47.76455,lentil
14,76,26,21.831654,66.509465,6.646571,51.84163,lentil
11,72,17,23.858348,61.500719,7.250717,40.761816,lentil
22,66,19,24.958043,62.362161,7.012043,54.728974,lentil
14,77,24,21.96992,60.143825,7.047765,42.470296,lentil
30,69,17,20.943806,68.287696,6.707238,45.95859,lentil
24,65,19,24.448638,66.986638,7.16039,44.401329,lentil
19,66,15,25.298563,70.855014,6.58535,41.139125,lentil
14,74,21,24.008533,61.862339,6.966027,36.468729,lentil
20,75,16,19.749193,69.854201,6.691414,52.402092,lentil
18,67,21,21.759604,65.223991,6.781219,37.909089,lentil
21,67,19,20.748501,69.892481,7.271919,51.38852,lentil
17,56,25,24.310598,62.403841,7.092553,52.586013,lentil
19,77,23,21.163218,62.643872,7.303439,29.695586,lentil
18,58,18,23.573658,63.653618,6.714618,39.226852,lentil
32,82,16,29.404562,63.52171,6.980383,45.326684,lentil
15,75,20,23.022691,60.625314,6.581498,36.015857,lentil
19,60,19,28.747316,68.637759,6.917412,45.1862,lentil
30,72,18,20.079344,66.060394,7.253436,41.973256,lentil
20,66,19,16.787752,64.0903,7.308054,41.974725,lentil
19,63,20,23.828778,61.794427,7.449695,51.180699,lentil
15,72,21,26.491134,59.378381,7.322577,42.338776,lentil
17,87,20,23.3024,57.743058,7.472008,37.763263,lentil
13,66,24,26.897044,64.29492,7.050234,42.157724,lentil
20,69,22,27.498252,66.380728,6.788684,50.076752,lentil
18,61,18,24.762034,67.712691,6.858424,38.565728,lentil
19,69,20,27.351602,68.060554,6.698258,42.064754,lentil
13,73,24,23.523246,64.027422,7.502045,48.682791,lentil
21,60,21,21.619677,61.171135,6.794759,42.243823,lentil
18,10,43,25.295828,84.257973,6.811599,104.09578,pomegranate
24,18,40,21.226197,93.736388,5.946561,110.052929,pomegranate
25,23,47,20.160265,92.971914,6.388625,112.680306,pomegranate
19,17,44,20.276158,85.861823,6.22843,110.099938,pomegranate
27,19,44,17.589658,88.77021,6.317456,107.01885,pomegranate
19,23,39,22.230989,89.964631,6.068903,107.0226,pomegranate
18,18,40,22.034588,88.803114,6.926359,102.588181,pomegranate
15,35,37,17.603361,92.30343,5.619923,106.51185,pomegranate
31,10,34,17.152538,92.795079,6.868663,105.347127,pomegranate
23,27,46,21.036361,83.195585,6.109857,105.707422,pomegranate
17,18,44,25.750728,89.584979,6.858409,109.002178,pomegranate
19,24,40,28.179215,85.784766,6.229083,106.968621,pomegranate
21,26,40,17.391088,92.627542,6.724434,99.344194,pomegranate
19,9,38,19.001292,92.527794,6.475564,102.100518,pomegranate
24,10,41,19.276567,89.002969,6.626666,109.690087,pomegranate
27,18,41,20.443014,90.64597,6.6014,107.087099,pomegranate
8,21,41,19.691462,86.246839,7.005593,109.564071,pomegranate
18,12,38,25.83803,90.512986,6.215271,109.640695,pomegranate
14,28,44,20.35362,88.213989,5.408928,101.277361,pomegranate
11,20,39,17.62946,89.256508,6.627081,109.716925,pomegranate
8,18,36,24.595359,92.452439,6.079769,104.28261,pomegranate
16,6,41,20.954182,93.010525,6.00162,104.899684,pomegranate
10,13,37,24.887518,88.005214,6.478429,105.900794,pomegranate
12,18,42,18.055946,92.527338,6.098609,105.471468,pomegranate
22,15,40,20.824458,90.488104,5.501512,99.815336,pomegranate
22,25,37,21.043512,90.984158,6.700355,98.983755,pomegranate
14,17,42,29.545134,89.415983,5.881279,109.189526,pomegranate
27,19,37,24.769781,92.090637,6.029828,109.101988,pomegranate
25,26,40,20.689954,93.781821,5.958037,109.342033,pomegranate
11,25,39,25.732608,91.574238,5.952944,113.483436,pomegranate
28,24,38,20.851357,90.536282,6.155553,114.607856,pomegranate
20,3,41,20.720712,89.87522,6.286238,110.889595,pomegranate
25,20,39,21.671855,90.158799,6.117052,109.9315,pomegranate
22,28,44,19.674408,92.560895,6.059128,110.422915,pomegranate
16,13,41,13.508842,84.847073,6.360778,107.846255,pomegranate
17,9,38,23.012749,91.845345,6.423673,112.358702,pomegranate
21,14,39,17.451115,89.775583,6.863719,110.378218,pomegranate
27,17,44,21.200757,94.514755,6.421476,110.470372,pomegranate
27,18,41,25.795477,89.700991,5.914852,116.50063,pomegranate
16,20,44,19.913669,87.076396,6.528958,99.969079,pomegranate
17,20,39,17.015302,94.882534,6.47038,113.510839,pomegranate
17,14,41,21.13106,86.566716,7.003216,104.886465,pomegranate
8,27,39,19.915746,84.803837,7.108967,102.084182,pomegranate
19,24,42,21.615072,84.995002,6.114207,108.288761,pomegranate
14,20,42,24.783759,86.421462,7.286692,110.723413,pomegranate
19,25,48,17.339968,89.424212,5.502412,108.309136,pomegranate
21,19,38,15.446505,91.220601,6.997619,105.017722,pomegranate
21,10,42,20.580515,87.812746,6.133458,105.846831,pomegranate
21,11,39,21.671437,86.802882,7.130699,103.915319,pomegranate
15,13,46,23.514006,87.290224,6.86143,108.342935,pomegranate
20,17,38,22.847075,88.464738,7.138535,102.168977,pomegranate
28,18,41,24.382789,88.209252,6.767057,96.128316,pomegranate
15,13,36,21.13364,91.25725,6.704037,108.511682,pomegranate
15,21,41,24.701774,92.43081,6.441886,103.731537,pomegranate
15,16,39,22.630956,92.245523,6.410064,107.567724,pomegranate
20,16,37,16.358143,88.014552,6.614527,104.547772,pomegranate
18,22,42,18.453448,93.091178,6.869667,102.754631,pomegranate
14,26,40,14.918688,85.900955,6.332746,102.615221,pomegranate
17,19,45,20.899593,93.317625,6.987216,113.524101,pomegranate
21,7,42,25.05004,89.856799,7.110388,111.111301,pomegranate
22,25,41,14.072287,88.602583,6.896896,104.108116,pomegranate
18,13,46,27.012627,87.448393,6.487446,104.641925,pomegranate
22,22,43,22.828947,98.906219,6.02911,100.315466,pomegranate
17,10,36,18.695925,87.333433,6.057699,109.67652,pomegranate
16,18,43,19.4244,89.306362,6.572646,99.345415,pomegranate
5,21,42,28.199082,90.574285,6.749698,106.679015,pomegranate
21,29,34,23.08221,96.50676,6.539993,114.432406,pomegranate
15,19,40,14.925468,86.595467,6.002219,110.952678,pomegranate
24,21,43,21.291137,93.705795,6.433427,107.743029,pomegranate
17,23,39,24.826937,86.703553,6.001423,110.387192,pomegranate
18,16,43,19.91749,89.499396,6.975699,113.964398,pomegranate
28,17,44,18.858246,87.379291,5.513322,114.526046,pomegranate
14,18,37,23.955012,88.973099,5.921121,109.354983,pomegranate
11,14,34,17.38573,90.635588,5.663831,101.279188,pomegranate
19,16,46,27.485079,87.496233,6.647284,110.646987,pomegranate
15,10,40,21.264178,88.792707,6.602504,104.346936,pomegranate
12,19,41,18.152401,92.884272,5.739512,105.071923,pomegranate
17,15,38,27.600331,87.547348,7.382076,109.335932,pomegranate
19,22,48,18.719862,86.738746,6.135602,107.635001,pomegranate
9,19,45,22.269363,89.221944,6.188917,111.273749,pomegranate
14,30,46,22.595927,90.065455,6.831957,112.098154,pomegranate
14,16,36,23.068101,92.099884,5.903529,105.588165,pomegranate
11,13,42,19.526206,89.197522,5.795348,108.285359,pomegranate
19,14,40,22.358914,87.655396,5.854258,115.083413,pomegranate
15,18,43,32.740071,86.366541,6.605433,104.52828,pomegranate
16,15,37,21.671997,85.676492,6.799255,107.731012,pomegranate
21,16,39,22.691448,86.607848,6.290384,103.889623,pomegranate
14,6,44,19.67173,93.590128,6.846829,102.098801,pomegranate
13,34,46,21.702293,90.872119,6.18397,109.315881,pomegranate
15,7,36,21.865388,86.706798,6.403762,102.986424,pomegranate
14,24,41,21.77004,92.736892,6.617437,113.575566,pomegranate
16,16,36,20.47016,92.99431,6.936995,111.533282,pomegranate
8,25,35,24.584164,88.996646,6.703988,101.903717,pomegranate
26,10,38,18.705907,84.837145,6.466866,115.085574,pomegranate
34,19,44,22.519493,91.59665,6.296562,108.319323,pomegranate
22,15,40,21.618867,92.57921,6.014247,107.283523,pomegranate
30,26,44,21.875739,91.062993,6.820872,114.053073,pomegranate
8,11,44,20.941643,88.084838,5.940877,105.16893,pomegranate
11,31,40,21.620353,91.86423,6.805315,111.47273,pomegranate
25,15,39,24.183998,88.517833,6.428008,109.174808,pomegranate
109,70,52,27.072786,82.380882,6.220849,117.624112,banana
115,91,54,27.807931,80.490118,6.250573,110.529856,banana
97,85,50,26.204494,84.01329,5.997112,121.194537,banana
82,78,50,28.992334,81.518514,6.076247,95.469163,banana
87,84,46,26.655371,81.802569,5.675479,117.603383,banana
114,71,47,24.199912,78.208744,6.21758,101.247451,banana
105,71,52,26.622847,80.434075,5.951209,94.300457,banana
87,89,51,28.870069,81.309043,6.024327,90.619314,banana
97,82,56,28.361739,84.700971,6.165237,98.838444,banana
102,84,47,26.861858,79.823852,6.477742,87.746002,banana
114,76,46,29.051919,82.449315,6.368901,111.085686,banana
123,86,50,27.880097,83.881714,5.738394,99.319702,banana
97,67,51,24.75942,80.548566,6.24824,100.737301,banana
119,72,54,28.345192,75.595107,6.820346,104.083663,banana
90,72,49,27.22163,80.687407,5.887683,109.729125,banana
96,69,50,24.085531,81.390558,5.676417,105.923219,banana
115,75,53,26.793255,85.308945,5.866803,97.792007,banana
108,79,48,26.731024,80.275102,6.396076,88.933889,banana
100,86,51,29.233811,80.191833,5.922789,109.397869,banana
101,79,52,26.48646,78.688704,5.816322,115.55986,banana
64,85,50,25.046781,81.267235,6.127483,109.376078,banana
71,91,48,28.361195,82.475007,5.708224,109.949726,banana
96,68,54,26.314937,78.007418,5.85505,106.805117,banana
100,86,46,26.360659,80.075208,6.568345,103.678118,banana
112,82,49,27.054586,79.928425,6.16713,115.734351,banana
104,90,47,26.819517,78.371953,6.077478,101.692437,banana
108,76,50,28.361601,74.617152,6.637706,102.30647,banana
78,83,50,27.285348,83.175335,6.211708,107.012797,banana
105,81,55,25.329126,80.791025,6.000158,111.187571,banana
91,70,51,27.793723,84.570878,5.586188,113.95302,banana
126,79,46,26.830236,80.439214,6.154774,99.809703,banana
117,74,45,28.949395,74.031061,5.91672,129.853217,banana
100,74,50,27.328879,80.84982,6.185302,96.1832,banana
119,84,52,26.520591,84.00187,5.900314,106.848175,banana
90,75,52,26.77895,78.009295,5.780613,110.26152,banana
93,81,50,24.715712,76.280846,6.084246,98.630062,banana
112,89,52,29.947681,80.16735,6.181153,99.866352,banana
127,96,50,27.941221,84.206033,5.934387,99.281345,banana
110,83,51,26.23202,75.590518,6.053204,111.930193,banana
98,92,48,25.923414,80.211755,5.954396,110.836747,banana
92,91,56,27.345198,83.899189,5.652486,113.309294,banana
112,88,50,23.264051,78.603164,5.785966,96.676135,banana
102,79,48,25.91768,78.396564,6.327665,99.245697,banana
94,79,51,28.038749,71.874962,6.296707,116.234581,banana
89,75,49,26.341594,81.026995,5.376577,95.544786,banana
117,76,54,27.897473,75.33405,6.176952,103.646895,banana
95,84,52,28.390629,83.699108,6.106522,93.457364,banana
95,102,52,30.717002,84.307215,6.054959,107.041397,banana
100,70,50,29.094944,78.721008,6.107705,111.497887,banana
90,79,47,26.248968,76.794705,5.700861,116.097591,banana
90,83,49,29.050412,84.071254,6.247862,107.07969,banana
98,74,56,26.336458,82.25821,6.308465,100.102228,banana
112,87,55,26.742915,76.799581,5.823298,106.291714,banana
101,79,44,28.058676,85.922565,6.123918,109.533998,banana
107,85,53,27.953523,79.524504,5.733243,102.583313,banana
104,80,51,28.01481,82.732902,6.377666,105.23186,banana
86,80,50,24.829924,84.288261,6.024137,107.688958,banana
115,78,52,27.24619,79.884557,5.74062,118.091386,banana
96,87,44,29.051984,83.346191,6.010205,102.761766,banana
105,98,45,28.494838,77.847472,5.973825,102.592171,banana
95,82,47,28.840853,75.376398,6.147327,101.95506,banana
87,83,45,27.455599,76.415945,6.122994,97.112706,banana
95,84,48,27.31885,76.161275,6.175571,118.895802,banana
131,83,52,24.907124,84.607656,6.220631,100.680139,banana
114,80,49,28.065469,77.422607,6.296704,96.046483,banana
89,76,52,26.536514,76.625612,5.792239,104.340457,banana
87,74,56,26.195208,79.495481,5.866157,101.18701,banana
107,89,49,25.66893,83.968433,5.950444,118.615607,banana
75,83,56,26.90543,79.768618,6.071609,100.073754,banana
97,80,48,29.120399,81.691018,6.057695,111.149425,banana
97,77,48,27.402496,77.434207,5.824919,100.419455,banana
124,63,50,29.815971,80.741164,6.213559,105.408593,banana
93,67,51,26.314151,78.159061,5.825314,118.733377,banana
127,83,49,25.751883,81.711912,6.532701,102.596543,banana
74,87,53,25.179816,80.894156,6.11988,104.007831,banana
91,89,49,25.320739,74.661471,6.370863,109.594978,banana
101,79,49,25.893969,79.191924,5.322773,98.637884,banana
97,86,50,28.512892,84.177578,6.308033,108.41113,banana
100,75,52,29.751646,81.357897,6.57435,92.242869,banana
87,88,51,29.239295,80.356679,5.710928,102.869895,banana
83,74,53,28.621902,81.416412,5.446466,101.696931,banana
87,90,48,25.879953,80.483429,5.781552,116.618326,banana
92,72,44,27.356899,78.826596,5.53704,114.232734,banana
108,82,54,28.32755,78.096003,5.657842,111.225651,banana
105,83,48,28.251127,78.284603,5.948384,116.320248,banana
93,71,47,28.792018,81.113247,5.940048,100.47634,banana
106,76,51,26.376244,77.886554,5.782379,101.5592,banana
100,84,39,26.269289,79.303604,6.446569,95.851979,banana
102,92,46,27.951565,78.153639,5.823564,98.094802,banana
92,101,53,28.942433,81.777582,5.48206,107.79916,banana
112,76,53,28.386071,85.585712,5.850487,95.709351,banana
96,92,45,24.504274,80.650307,5.842797,104.662596,banana
111,78,44,30.262274,77.607761,5.651698,113.540132,banana
96,82,52,28.917016,79.46631,6.451185,87.300021,banana
109,76,54,27.598862,78.515865,6.185481,111.834826,banana
107,75,49,27.394298,80.284473,6.212421,88.2793,banana
104,80,48,26.360519,79.799295,4.863664,98.919554,banana
90,86,48,27.098841,84.718375,6.288249,111.908398,banana
95,86,49,27.12547,81.547119,5.794932,116.693325,banana
98,86,54,28.844315,76.455027,6.117918,111.490827,banana
25,20,28,33.686396,48.295599,5.56321,102.736967,mango
20,22,27,32.031798,46.86713,5.599338,96.399476,mango
28,32,28,34.146048,49.451212,4.917365,93.822589,mango
29,28,30,35.293029,46.621613,4.882937,86.459183,mango
22,28,35,31.808688,49.189607,5.771238,95.300308,mango
10,46,32,31.725021,51.73791,6.259494,93.983177,mango
16,31,31,29.175275,53.747589,5.972413,98.422079,mango
28,27,31,33.225068,48.387847,5.807296,95.340298,mango
14,43,26,27.95474,53.485566,6.262154,89.467579,mango
24,37,30,37.697057,45.889845,6.248738,100.649295,mango
25,26,29,32.310363,52.239386,6.185707,100.004295,mango
14,26,27,30.234718,52.738052,5.844509,107.994982,mango
21,28,30,29.605478,50.055408,6.548174,95.28125,mango
15,21,29,31.384659,53.183966,4.845063,93.068886,mango
21,15,27,29.500279,48.210074,5.902404,93.881146,mango
17,30,35,35.298141,45.393071,6.16818,93.792081,mango
21,24,30,31.578518,48.752621,5.151506,92.411652,mango
21,31,33,29.964525,50.909611,6.434127,100.644534,mango
20,26,30,28.325731,49.715976,6.283765,97.97393,mango
19,29,27,32.95873,50.005446,5.579593,92.855208,mango
20,24,32,30.211791,54.18241,6.780995,90.153128,mango
21,23,29,36.206069,49.431071,6.018556,97.460739,mango
14,21,26,28.985073,43.074925,6.145762,105.176389,mango
21,17,28,30.052808,47.656038,6.363526,98.832326,mango
13,32,35,35.956396,57.36303,5.147625,109.103524,mango
18,23,31,29.744847,51.19761,4.859147,93.482362,mango
28,27,30,32.388147,53.126654,4.627895,97.681073,mango
19,28,33,28.214533,47.668389,4.434553,91.899289,mango
28,26,26,29.985803,46.480346,4.993622,96.682976,mango
13,35,30,31.413987,49.504068,6.303265,98.694115,mango
22,31,29,32.555508,49.355306,5.77154,93.299317,mango
17,22,31,34.476515,53.127755,4.90297,101.274936,mango
18,31,27,31.55495,50.984308,4.745623,97.802163,mango
28,26,34,30.725766,52.323961,4.239187,107.035767,mango
29,25,24,31.920071,46.590186,6.076949,96.798985,mango
15,35,32,33.639558,50.222144,4.793288,99.687149,mango
19,18,34,36.448519,50.09688,7.259794,95.165705,mango
18,23,35,29.24964,52.038173,5.384177,92.352436,mango
26,25,29,34.032012,54.193493,6.214836,91.360674,mango
17,28,31,28.730335,52.007595,5.829004,85.949888,mango
15,24,30,35.923197,50.795428,5.189867,95.825217,mango
18,29,32,34.223077,50.139284,6.900883,99.330916,mango
16,42,31,29.112189,54.332283,7.203667,94.531571,mango
17,26,32,34.394642,51.626218,5.840189,102.33986,mango
18,34,29,32.277557,49.916094,5.731462,92.775329,mango
28,22,28,36.502484,52.644619,4.124272,91.81718,mango
9,21,20,30.857526,47.345145,5.811335,86.411882,mango
21,24,35,34.728392,52.163364,5.544636,104.82544,mango
11,18,30,36.835095,49.694153,5.643561,87.346257,mango
26,34,32,29.626948,48.433233,4.877746,95.12775,mango
14,19,29,29.97711,48.855054,6.091847,95.103144,mango
18,28,27,31.463197,50.576506,4.732898,99.778038,mango
15,28,34,33.514192,50.285833,5.519876,99.532311,mango
24,23,27,26.019112,50.58508,5.712939,100.494576,mango
22,36,28,34.045376,48.877709,6.306541,87.260332,mango
21,14,29,32.300885,48.897579,5.045198,99.015204,mango
19,24,30,37.791673,53.083757,6.572176,96.921286,mango
21,11,28,29.998564,45.51277,4.971383,84.597734,mango
20,33,33,32.236961,47.791509,4.436875,85.73997,mango
13,21,29,28.664589,51.04744,5.609731,94.753783,mango
27,19,31,31.165067,49.366284,6.380827,99.182972,mango
15,26,31,30.517483,51.662553,5.964022,104.046062,mango
11,26,27,32.710269,46.15707,6.008956,91.486753,mango
16,17,28,33.911251,50.137028,6.203099,103.189673,mango
22,23,31,29.83926,48.938943,4.721274,99.423913,mango
18,28,27,32.289869,48.295147,5.672221,99.176913,mango
25,27,24,38.682026,54.564647,6.268646,90.858661,mango
19,23,34,31.856257,48.23959,5.445179,100.41806,mango
30,38,32,30.568438,42.096215,5.97504,94.690673,mango
21,28,26,32.593521,51.780541,6.240814,99.527543,mango
24,24,30,31.427812,50.469249,6.45877,97.982711,mango
32,42,30,21.608361,53.292081,5.39714,90.612432,mango
18,24,32,27.301411,47.505698,6.006779,97.877015,mango
24,22,27,29.933413,50.799682,6.794979,84.25807,mango
19,18,25,33.617392,51.561561,6.080109,99.397232,mango
17,24,37,30.583572,52.03783,5.774403,85.273881,mango
8,23,33,33.170729,52.485193,5.088938,102.94095,mango
14,29,30,30.765315,53.54648,5.283474,87.817013,mango
20,24,40,32.891269,49.176649,5.041283,85.110529,mango
14,28,34,34.004223,50.772737,5.547014,96.070943,mango
17,39,29,30.984155,44.660444,5.63515,98.966069,mango
14,22,32,27.508357,52.844503,5.402821,92.718302,mango
13,30,38,33.153743,48.039287,6.553578,93.084934,mango
28,33,21,28.689801,52.560963,5.874644,89.478845,mango
16,14,30,36.726724,52.212333,7.281388,99.200225,mango
26,41,31,30.731932,52.781644,6.77315,92.25218,mango
16,28,32,33.195228,46.639581,7.089008,91.430059,mango
19,21,38,31.805177,48.072562,6.366107,98.622592,mango
19,33,27,29.967704,45.174458,4.856474,103.918917,mango
30,28,35,30.799814,49.591474,5.808992,94.0629,mango
19,35,30,32.981204,52.778451,6.037848,89.751616,mango
12,28,29,31.418479,50.159865,7.552666,87.915846,mango
8,29,29,31.99017,51.659708,6.656032,87.013148,mango
17,30,32,36.683624,52.58926,5.730816,90.158778,mango
17,23,32,31.842494,46.890876,5.469228,99.175493,mango
22,31,31,35.266077,50.790108,5.503644,90.029649,mango
22,10,29,30.6854,46.788823,5.129497,98.829253,mango
21,28,31,31.431569,53.307156,5.855166,87.263113,mango
30,30,28,28.066496,51.189786,5.689151,102.728149,mango
18,21,33,33.513205,50.621628,6.236686,94.507796,mango
25,141,202,22.547369,84.334253,5.296895,76.987464,grapes
13,128,200,22.716043,83.71154,5.702071,70.538761,grapes
20,135,200,24.487724,80.910135,5.87188,70.634181,grapes
29,128,197,28.339605,81.841493,6.287454,66.33913,grapes
12,129,198,23.216966,80.753679,6.259715,68.562659,grapes
24,134,201,23.621445,82.819081,5.783347,74.637905,grapes
22,123,201,17.501264,83.097602,6.714978,66.76834,grapes
25,120,202,17.245718,80.775298,5.688601,72.235744,grapes
29,133,197,35.56247,80.549262,5.35977,71.2502,grapes
16,140,199,28.267478,84.422701,5.655254,67.562626,grapes
23,144,198,19.400673,82.760653,5.851059,70.149093,grapes
14,149,196,21.41903,81.841534,6.622933,64.830555,grapes
35,138,201,16.513711,82.928054,5.805719,74.159981,grapes
17,132,198,16.49233,83.234376,6.195992,73.952437,grapes
12,140,208,20.457856,85.311268,5.94842,64.659325,grapes
21,140,198,19.357494,82.968371,6.030949,71.704643,grapes
25,136,199,25.514809,80.230729,6.429414,67.316611,grapes
30,131,201,20.137262,80.071208,5.489124,65.800833,grapes
21,134,203,20.501395,80.312471,5.582758,71.328229,grapes
32,142,202,28.525221,84.955723,6.132945,71.926067,grapes
21,122,198,23.732223,82.009414,6.627149,69.892598,grapes
30,129,199,13.965343,80.56381,6.193364,69.627217,grapes
29,134,199,39.697397,81.730974,6.39053,68.155647,grapes
28,139,201,6.376826,81.932854,6.411443,71.498931,grapes
26,120,198,26.844046,82.63869,6.406547,69.07848,grapes
26,133,197,7.107144,82.675817,6.083924,67.37457,grapes
13,137,199,27.920873,85.255287,5.366156,67.081437,grapes
22,143,195,38.125372,82.144541,6.00024,68.886985,grapes
21,140,197,26.356065,81.208473,5.793739,78.909511,grapes
26,137,204,13.28201,85.054125,5.252223,66.832441,grapes
20,137,201,22.565571,81.878405,5.726813,64.209963,grapes
28,138,205,17.953873,83.147067,5.942051,73.88571,grapes
29,134,199,30.910898,83.064428,5.817823,64.819925,grapes
21,144,204,15.568777,79.798037,6.425152,65.511711,grapes
26,128,205,18.098856,83.958051,6.087306,70.507901,grapes
11,116,199,25.627105,79.874644,5.692505,71.621301,grapes
27,131,203,15.110903,81.259317,6.540842,69.84596,grapes
24,150,196,29.693585,84.895175,5.929294,72.694671,grapes
17,127,201,29.709393,83.917686,6.516585,69.357192,grapes
30,130,203,25.335417,82.70222,6.161287,63.823062,grapes
16,133,195,29.950962,83.468801,6.131423,65.563918,grapes
32,148,201,27.577962,82.26313,6.194414,69.169588,grapes
23,139,207,13.439473,81.713138,5.664057,75.33129,grapes
20,122,202,36.707902,83.094476,6.093487,71.072907,grapes
32,126,200,20.450093,79.797842,5.928204,73.587796,grapes
27,137,201,27.672596,80.458937,5.934052,70.291215,grapes
25,135,200,21.007067,87.583988,6.311104,71.087331,grapes
22,129,200,25.966933,78.515216,5.543489,67.307223,grapes
24,131,205,12.830264,80.547578,6.501228,70.07203,grapes
29,148,198,23.065074,81.409632,5.424076,68.482572,grapes
29,137,202,21.021234,80.719025,6.423469,67.809658,grapes
25,134,205,30.988451,79.568534,5.661859,71.684075,grapes
23,129,203,25.187199,81.994423,6.271747,68.249608,grapes
33,127,202,34.410363,79.420868,5.923566,73.711947,grapes
30,131,198,30.873925,84.030388,5.668954,65.265911,grapes
25,137,199,28.826774,80.621754,5.374445,68.073956,grapes
24,130,197,10.364198,80.97464,6.308273,74.122311,grapes
30,126,197,27.475096,83.04318,6.154053,62.349372,grapes
18,132,202,29.478074,82.159656,6.132543,69.905516,grapes
27,135,200,21.814071,82.046325,6.180223,70.562911,grapes
26,142,201,18.997411,83.490492,5.606479,65.706912,grapes
25,136,196,20.967151,80.809049,5.87913,72.996952,grapes
28,132,198,13.812592,84.456333,6.213555,67.055991,grapes
28,132,199,27.020565,80.565303,5.923435,70.03726,grapes
20,137,206,18.218194,78.902774,5.409461,69.058315,grapes
19,134,201,11.936195,78.633209,6.121739,70.087544,grapes
21,120,202,33.212057,82.400368,5.767283,69.760388,grapes
15,140,200,10.715639,81.358786,6.173623,68.401029,grapes
22,123,202,19.001328,78.018398,5.91491,73.132139,grapes
21,145,201,26.30681,81.668883,6.008831,68.651675,grapes
21,136,197,15.838386,79.878249,6.664153,71.509234,grapes
25,125,202,22.937372,82.285504,5.727248,70.176968,grapes
21,127,202,12.420962,82.916597,6.242191,66.433283,grapes
18,131,201,22.668873,82.680412,6.576524,67.77222,grapes
13,139,205,26.706486,79.942052,5.991593,65.573315,grapes
27,123,199,16.3679,82.128284,5.916434,70.236344,grapes
23,125,202,23.439134,80.120648,6.724687,71.315149,grapes
22,143,206,22.724414,82.525315,5.723719,69.070106,grapes
22,134,201,27.942731,82.327757,5.65467,66.221518,grapes
20,130,203,15.194251,81.256653,6.325433,68.520441,grapes
26,131,201,22.109303,83.100718,5.551033,68.292077,grapes
25,136,205,20.906417,84.563067,5.825703,74.383127,grapes
28,126,201,23.420855,83.026052,5.960786,68.493914,grapes
32,132,203,22.132399,84.899994,5.819716,67.389083,grapes
32,129,205,30.39962,81.621631,5.467879,69.530454,grapes
24,141,205,18.731095,83.342127,6.267275,73.464286,grapes
26,118,200,15.247764,81.53531,6.333801,70.698543,grapes
30,135,196,5.145732,82.167856,5.963683,66.082995,grapes
13,127,199,28.727496,82.239536,6.528501,65.871825,grapes
29,133,202,20.56979,83.829025,6.12152,67.153998,grapes
23,131,202,15.069652,81.847167,6.152545,69.718884,grapes
31,138,200,25.403499,82.432198,6.155023,63.027631,grapes
21,122,204,23.349714,81.551986,6.308007,71.120369,grapes
16,132,199,10.890457,80.657503,5.973103,69.186177,grapes
14,141,200,24.077893,82.621155,5.785696,71.242882,grapes
21,126,202,34.838387,83.204693,6.316123,67.72573,grapes
13,144,206,35.21677,81.295585,5.672063,65.763542,grapes
13,132,205,22.751697,82.444181,6.456435,68.145257,grapes
36,147,200,19.526246,83.155028,5.922267,65.436401,grapes
31,142,201,14.454801,79.686853,6.063241,67.800464,grapes
96,24,52,27.5294,82.129068,6.393611,54.670807,watermelon
104,27,51,28.187353,86.874055,6.829272,49.150074,watermelon
100,23,55,26.620932,84.942168,6.926974,39.620909,watermelon
84,22,50,26.447719,85.399663,6.676993,46.646546,watermelon
106,24,54,28.418976,85.956705,6.584912,43.03182,watermelon
94,16,53,24.744598,87.668654,6.499497,49.896443,watermelon
102,14,49,23.2133,84.431342,6.35121,48.168497,watermelon
104,21,51,26.993581,86.984242,6.408533,48.439433,watermelon
103,21,54,27.267642,83.521434,6.468378,54.222191,watermelon
111,23,50,23.844368,82.103297,6.584516,52.54535,watermelon
87,17,52,23.988283,88.625491,6.382965,57.213827,watermelon
94,10,49,25.466793,83.995712,6.43304,52.503222,watermelon
98,17,45,26.148377,84.92347,6.999191,46.008218,watermelon
80,21,51,24.188194,80.457778,6.976593,58.011963,watermelon
72,14,55,24.933512,83.679102,6.412345,45.083425,watermelon
81,24,45,25.94618,87.948396,6.05012,46.086231,watermelon
113,21,48,27.283149,88.940261,6.583406,46.209183,watermelon
95,19,50,26.91454,80.4577,6.036778,51.722443,watermelon
94,13,45,25.627364,85.036459,6.702578,51.151421,watermelon
98,25,46,26.350945,80.019444,6.240108,44.615449,watermelon
108,17,50,24.050574,84.27095,6.263326,52.755621,watermelon
89,26,45,24.470872,90.399322,6.365107,44.094119,watermelon
102,14,48,24.065781,93.781958,6.422019,40.979606,watermelon
116,21,48,24.293633,87.287766,6.423455,40.977513,watermelon
119,14,55,27.389809,82.09687,6.820289,47.477643,watermelon
79,14,51,24.952169,84.24815,6.854505,51.343119,watermelon
90,22,51,22.069753,86.527894,6.621467,50.902618,watermelon
109,12,51,23.406257,86.46198,7.105449,45.726233,watermelon
91,12,51,24.111749,86.505867,6.76252,53.525171,watermelon
80,24,53,26.762226,86.355811,6.568259,56.065186,watermelon
120,11,53,25.479296,84.798014,6.023675,49.347574,watermelon
89,14,47,24.971528,83.941058,6.529994,42.564776,watermelon
84,19,48,27.104342,85.898336,6.688096,57.994531,watermelon
96,13,53,26.313319,84.619276,6.931352,49.717554,watermelon
100,17,47,25.70862,89.529957,6.63794,50.958423,watermelon
98,19,52,26.452934,84.171219,6.600682,53.247693,watermelon
88,18,44,26.275547,87.247063,6.731739,48.785261,watermelon
103,27,54,25.559158,85.631891,6.844382,43.14591,watermelon
96,26,53,26.116969,80.53192,6.484528,47.791431,watermelon
103,11,47,22.709189,88.987595,6.376071,51.601443,watermelon
99,10,46,24.192559,82.958178,6.613648,46.74184,watermelon
118,24,53,25.432478,89.89427,6.432418,50.640567,watermelon
101,22,52,24.934825,83.547719,6.69837,54.447707,watermelon
95,6,50,26.472936,90.796792,6.128633,48.624487,watermelon
95,26,50,24.329743,86.931955,6.374562,44.555625,watermelon
90,29,51,25.750864,84.425329,6.590566,52.229203,watermelon
103,18,53,25.632346,82.16839,6.310149,40.707005,watermelon
121,23,48,25.205417,83.225683,6.97819,43.558626,watermelon
101,16,53,25.454387,79.749552,6.422153,45.841973,watermelon
100,27,45,24.479688,83.486652,6.381694,54.574641,watermelon
98,20,48,25.921894,87.611173,6.272987,54.784926,watermelon
100,24,50,26.133743,85.074121,6.470174,52.120545,watermelon
105,9,55,22.996472,83.077082,6.470777,52.903015,watermelon
117,4,49,22.622433,85.298028,6.584222,58.913058,watermelon
101,24,52,24.990653,80.832222,6.585251,43.19028,watermelon
114,16,54,24.9277,86.033437,6.564898,50.570275,watermelon
95,20,47,23.906791,89.052763,6.725422,51.136047,watermelon
118,15,54,25.845804,82.023273,7.072892,55.852625,watermelon
98,22,49,26.760809,77.787656,6.183862,55.794225,watermelon
97,18,46,28.187014,88.890642,6.437788,48.736051,watermelon
111,30,53,28.640524,82.340711,6.24599,44.7364,watermelon
104,18,50,26.732962,89.020219,6.027045,47.755443,watermelon
108,14,48,27.025952,81.20255,6.40651,52.476085,watermelon
93,22,48,27.572067,84.810186,6.708094,54.604722,watermelon
93,3,51,25.701204,86.923061,6.429776,48.604819,watermelon
121,7,52,24.795557,84.159086,6.401698,46.702485,watermelon
106,26,52,25.744735,82.142034,6.660216,61.797383,watermelon
95,14,49,24.91482,76.689571,6.625561,46.487684,watermelon
82,22,47,25.125863,89.745971,6.063143,42.983749,watermelon
102,25,45,26.170766,87.001099,5.86166,54.872357,watermelon
109,15,54,27.191038,85.519666,6.360052,45.838578,watermelon
99,21,49,22.523499,89.133013,6.558969,48.863915,watermelon
109,27,42,26.207969,80.777387,6.654724,51.452429,watermelon
106,14,45,24.969485,86.461228,6.814772,44.82366,watermelon
111,13,51,24.886148,85.764729,6.776482,44.542228,watermelon
92,18,57,24.391534,91.524415,7.121371,50.303713,watermelon
96,12,50,23.630593,84.963659,6.964033,47.683466,watermelon
97,5,51,25.970274,85.397477,6.432784,49.306935,watermelon
105,17,51,25.900976,88.682625,6.709868,51.783595,watermelon
116,20,54,26.44972,79.490051,6.904499,51.489399,watermelon
99,19,49,25.91784,83.365184,6.895024,50.220701,watermelon
95,11,51,25.86195,86.404116,6.181552,42.633976,watermelon
106,27,47,27.825218,86.080124,6.49781,48.772502,watermelon
84,24,48,24.508271,88.274972,5.916275,43.029651,watermelon
99,19,52,25.177482,93.044146,6.429353,49.622991,watermelon
91,18,52,27.285009,80.583219,6.423741,53.078188,watermelon
106,17,52,24.467451,90.029507,6.807715,43.940868,watermelon
88,10,52,23.801381,84.173825,6.640958,50.462554,watermelon
102,10,52,24.741503,84.193679,6.573697,51.325699,watermelon
100,12,49,25.603057,80.937236,6.356615,52.777167,watermelon
85,25,54,23.856789,89.408621,6.45549,52.934424,watermelon
94,23,51,24.460185,81.587874,6.047306,51.758503,watermelon
106,21,50,23.980205,83.085568,6.857228,48.328394,watermelon
101,10,51,24.959242,88.444809,6.739803,48.2719,watermelon
98,13,46,24.399581,85.814474,6.60083,51.557594,watermelon
96,23,50,26.584555,79.701297,5.284056,52.247319,watermelon
84,16,49,27.822361,86.439989,6.551416,55.068655,watermelon
103,14,53,24.04635,86.202066,6.020253,51.840114,watermelon
102,28,46,24.758758,87.750316,6.603948,51.719556,watermelon
89,13,54,25.527887,86.363615,6.464292,44.766264,watermelon
111,21,57,27.48286,93.20483,6.084576,25.14057,muskmelon
111,4,49,27.980469,91.527847,6.440895,27.83792,muskmelon
99,19,50,28.601984,91.101723,6.592773,25.526547,muskmelon
105,12,49,28.406252,90.612463,6.005513,23.017906,muskmelon
106,13,47,27.703846,91.799123,6.28569,30.76346,muskmelon
112,25,54,27.501297,90.955399,6.127557,28.436617,muskmelon
94,9,49,28.337534,92.595255,6.4127,22.381094,muskmelon
108,13,50,29.355451,91.593996,6.240436,26.356671,muskmelon
91,15,52,30.859502,92.965945,6.459254,26.186244,muskmelon
88,18,50,28.953743,92.428159,6.439737,23.827892,muskmelon
101,9,49,30.129917,92.650689,6.355607,30.009145,muskmelon
85,10,55,28.650557,92.033159,6.108167,25.95355,muskmelon
106,10,50,28.230933,92.581575,6.124957,28.205453,muskmelon
110,15,49,28.449936,91.443861,6.26688,23.943243,muskmelon
118,24,53,29.006918,91.07094,6.351287,27.417368,muskmelon
86,22,57,29.767998,93.855432,6.405851,27.410209,muskmelon
92,23,52,28.918902,93.747608,6.246855,24.176239,muskmelon
101,11,51,26.709177,93.45165,6.369794,23.2415,muskmelon
91,16,52,29.202513,91.523908,6.182332,26.539316,muskmelon
92,18,50,28.943268,93.244097,6.094778,19.348754,muskmelon
94,30,56,30.614295,92.08772,5.985756,18.139491,muskmelon
94,16,54,29.554586,92.550146,6.173133,22.009817,muskmelon
103,22,51,27.461942,93.015734,6.449441,21.702134,muskmelon
92,22,49,30.348062,92.851242,6.257807,24.671424,muskmelon
101,13,47,29.371529,93.229801,6.486794,28.942891,muskmelon
94,29,47,27.486046,90.364045,6.266383,23.289577,muskmelon
106,19,47,28.168001,91.891392,5.987044,21.953349,muskmelon
92,27,51,29.328386,90.651501,6.610785,28.343086,muskmelon
78,13,52,29.308827,91.553656,6.295845,23.027333,muskmelon
102,26,48,29.700903,91.440161,6.181998,26.992065,muskmelon
110,23,46,28.087454,93.205287,6.368724,21.69366,muskmelon
105,13,55,30.299326,92.964507,6.645811,24.881416,muskmelon
109,28,51,28.319294,90.424916,6.342542,27.005585,muskmelon
111,21,48,26.425496,91.755263,6.296088,23.823799,muskmelon
107,31,50,28.361595,92.014856,6.386121,22.380777,muskmelon
102,21,51,29.103296,92.777122,5.987902,26.483236,muskmelon
93,10,47,29.076896,92.055168,6.006787,26.038506,muskmelon
84,19,51,29.574135,94.259853,6.073418,24.553073,muskmelon
97,21,51,28.212199,91.815008,6.125545,27.466012,muskmelon
105,24,49,27.877481,91.113853,6.435373,21.788579,muskmelon
121,9,51,30.32354,92.958999,6.396891,21.988246,muskmelon
85,23,55,28.117265,91.047032,5.843784,21.953858,muskmelon
99,28,52,28.935594,91.859868,6.237535,28.635813,muskmelon
103,4,48,27.655962,91.69911,6.478211,24.399154,muskmelon
99,27,48,30.650619,91.561562,6.378732,23.91263,muskmelon
102,21,51,27.771571,91.064794,6.885666,23.344844,muskmelon
108,7,49,28.460081,92.820097,5.788285,25.165194,muskmelon
88,20,47,27.658969,91.99901,6.139011,23.368504,muskmelon
87,5,53,27.174346,92.103451,6.518107,22.978157,muskmelon
91,19,53,27.313753,92.134837,5.996176,23.599037,muskmelon
101,12,49,27.050951,92.384786,6.581696,21.627997,muskmelon
93,21,54,26.957491,92.114337,6.419457,24.414242,muskmelon
73,21,55,28.728328,91.165783,6.252243,29.655757,muskmelon
110,22,51,27.872749,92.079372,6.343636,26.238808,muskmelon
117,25,46,28.846394,93.11044,6.489961,22.938145,muskmelon
132,9,47,28.856955,94.628483,6.184399,23.955681,muskmelon
112,18,49,29.222196,92.59977,6.576392,28.316113,muskmelon
104,20,51,29.138044,92.360688,6.359872,28.050556,muskmelon
117,8,50,27.842436,91.957931,6.444528,26.574427,muskmelon
99,5,47,29.58615,89.285531,6.60936,26.159444,muskmelon
115,16,44,29.073399,93.702118,6.554192,22.844464,muskmelon
101,14,48,29.650927,90.982714,6.172299,21.608728,muskmelon
84,19,54,28.396636,90.643677,6.536388,29.419965,muskmelon
93,14,52,30.384061,91.728182,6.080186,26.467972,muskmelon
109,18,48,29.693817,92.88084,6.198629,24.837465,muskmelon
85,22,49,28.120718,92.263838,6.368465,27.205804,muskmelon
107,17,52,29.040811,91.83074,6.333809,24.284976,muskmelon
106,15,49,30.765633,93.333709,6.200274,26.298635,muskmelon
102,20,51,29.908607,92.680182,6.346961,27.618134,muskmelon
103,19,51,28.49703,92.31015,6.236794,22.596732,muskmelon
89,8,47,28.408306,92.413429,6.303028,18.10403,muskmelon
118,25,51,30.69824,91.224899,6.756401,21.997401,muskmelon
103,9,50,29.024783,92.129841,6.509914,24.97724,muskmelon
95,14,53,27.880884,93.306943,6.616769,20.027601,muskmelon
113,32,51,29.258993,93.440706,6.302149,25.210385,muskmelon
86,19,52,29.167779,93.471967,6.197292,23.208701,muskmelon
121,17,51,28.526289,91.396151,6.700941,23.222436,muskmelon
88,15,44,27.883584,91.235059,6.48966,22.81444,muskmelon
110,27,52,28.363073,92.455226,6.039753,24.325418,muskmelon
91,22,58,29.149804,90.109746,6.284142,25.042975,muskmelon
101,13,51,27.233249,91.2606,6.495618,21.856143,muskmelon
106,9,55,27.748303,92.053967,6.429429,23.11702,muskmelon
102,22,53,29.470647,92.111008,6.329207,31.277504,muskmelon
111,12,50,28.231343,92.151132,6.101806,23.546615,muskmelon
120,22,43,29.938396,93.498592,6.28455,26.708338,muskmelon
91,15,55,28.301097,90.243295,6.346706,24.479952,muskmelon
113,18,49,29.749562,92.432869,6.202495,27.933993,muskmelon
102,18,51,27.422265,91.719581,6.360752,24.154942,muskmelon
114,19,53,28.610335,93.461917,6.443481,24.737577,muskmelon
100,11,52,28.555775,91.747809,6.592357,21.199395,muskmelon
96,25,51,28.547355,92.576104,6.397677,20.453345,muskmelon
96,29,48,28.249869,91.704217,6.341727,23.067256,muskmelon
106,19,52,27.443965,91.925625,6.312598,25.975811,muskmelon
92,24,54,27.51224,91.76004,6.248294,32.070681,muskmelon
96,29,46,27.511384,91.544735,6.182405,23.949884,muskmelon
93,12,54,29.946173,93.344226,6.47004,24.959681,muskmelon
95,11,51,27.309007,91.206687,6.602112,30.021817,muskmelon
105,25,49,27.128558,92.973389,6.479551,24.900672,muskmelon
98,24,47,27.748841,91.191083,6.377844,21.6539,muskmelon
93,13,49,26.963888,92.395925,6.621934,25.079376,muskmelon
30,144,202,22.682154,92.327,6.166778,109.488301,apple
10,138,197,21.541645,92.300269,5.900511,101.12098,apple
22,141,197,23.999732,90.427795,6.58637,109.327664,apple
22,120,200,22.85133,92.196605,5.755445,104.938171,apple
27,134,205,22.020869,91.778246,6.182834,99.391605,apple
14,142,196,20.599044,94.542233,5.497917,114.209779,apple
21,114,199,23.093255,92.725171,6.210091,109.522571,apple
25,129,196,21.172499,90.545467,6.242972,100.280497,apple
22,132,200,24.099968,91.773887,6.119596,113.008019,apple
20,151,196,24.018045,93.087688,5.781347,126.060412,apple
10,130,196,23.053292,90.964323,6.06425,111.171221,apple
18,137,199,21.402502,95.661648,5.778978,94.515606,apple
16,125,202,22.953818,92.778455,5.815293,110.409328,apple
19,134,202,22.969683,92.900135,6.084863,119.952428,apple
23,137,203,21.868449,91.273109,5.562364,114.199899,apple
10,138,200,23.848104,91.493699,5.866971,121.902067,apple
29,129,200,22.923861,92.748384,5.848602,123.207344,apple
10,131,201,23.102947,93.923311,6.30145,110.358559,apple
28,129,203,24.591575,93.757933,5.962789,109.979414,apple
12,136,197,21.727552,90.871105,5.787278,112.470651,apple
22,130,203,22.370974,91.354733,6.000151,128.801133,apple
23,132,195,22.358646,92.581914,5.80985,99.043846,apple
16,145,204,21.624697,93.107308,5.564642,124.215394,apple
22,141,195,23.345401,92.290791,6.194098,120.201916,apple
21,130,202,22.53383,91.252658,5.644753,100.587252,apple
18,142,200,22.017256,93.265827,5.671932,113.481872,apple
20,140,195,21.664782,90.334105,5.849525,122.633706,apple
18,130,203,23.775405,92.193715,6.142262,103.868973,apple
29,150,201,20.307235,91.630124,6.119976,109.243839,apple
28,138,198,22.635491,91.2274,5.873399,108.152335,apple
28,150,196,20.484462,92.005793,5.459291,113.078935,apple
25,145,201,22.387529,89.925938,5.938117,113.284556,apple
25,129,199,20.974198,89.550449,5.586366,99.823328,apple
23,130,198,21.517146,88.420921,6.397576,104.497782,apple
18,124,203,22.757772,91.308362,5.808409,126.461075,apple
20,133,197,20.515961,92.107954,6.0309,121.716593,apple
8,126,198,22.596171,92.12596,5.892277,116.046388,apple
15,141,201,22.248185,94.22109,6.412489,120.349742,apple
3,146,202,24.80705,93.784958,6.419286,119.90497,apple
29,149,201,20.870546,91.931047,6.050883,113.314078,apple
13,122,198,23.488514,94.196408,6.214136,121.370904,apple
20,121,199,22.315359,91.703537,5.946955,116.319642,apple
26,132,194,22.068835,92.352452,6.30907,108.043976,apple
24,136,200,23.623587,91.506991,5.751692,112.602413,apple
17,138,198,22.848935,92.179793,5.996627,108.930121,apple
19,135,201,22.595378,94.346435,5.622872,112.173529,apple
12,137,197,22.293859,91.853523,6.017076,108.167114,apple
17,145,201,21.982844,91.999,6.44006,110.771648,apple
17,129,198,21.946053,90.764423,5.581498,105.899573,apple
24,131,199,23.997097,93.854009,5.842541,107.526919,apple
16,139,199,22.174856,91.323603,5.691403,115.324477,apple
13,141,198,22.4354,90.695626,5.926167,110.007768,apple
21,145,200,21.725875,91.446416,6.114491,123.349285,apple
22,139,202,24.160971,89.960492,6.136838,120.766636,apple
13,128,197,21.798331,91.72194,6.005207,119.798532,apple
27,128,197,24.047404,93.076093,5.955688,116.581361,apple
21,138,199,22.895685,90.487345,5.716787,107.148508,apple
19,127,198,20.934145,92.958441,5.904421,98.717298,apple
16,137,198,21.833364,92.210489,6.036515,100.92191,apple
24,128,200,22.561038,91.667521,5.612665,110.35737,apple
30,124,205,22.314307,92.342446,5.59312,106.375591,apple
18,127,199,22.152283,94.520937,5.568548,113.542062,apple
22,126,202,22.16184,89.309132,6.134553,103.541085,apple
15,139,199,23.609549,93.752199,5.730072,119.204752,apple
16,151,198,23.728696,93.312548,6.027987,107.201546,apple
20,118,201,22.984577,92.460199,5.008275,102.321781,apple
16,136,201,22.412754,93.062295,5.611865,117.703927,apple
24,137,199,24.613818,92.891835,5.629816,114.736105,apple
25,130,203,23.020237,89.489026,6.022898,109.370561,apple
24,141,200,24.431777,92.085552,6.123694,119.300529,apple
20,140,198,22.135175,90.725014,6.004837,115.367064,apple
28,140,199,21.304002,92.81942,6.274333,118.892517,apple
27,133,199,21.789409,92.232924,5.905637,114.394757,apple
20,133,198,23.635781,92.391822,5.875922,106.57108,apple
13,144,202,20.81369,93.215771,6.215969,113.719884,apple
30,136,196,23.001686,92.593877,5.742978,117.403182,apple
11,141,197,21.516559,92.16341,6.064222,114.044177,apple
16,131,197,22.352852,93.590025,5.928678,119.747197,apple
29,130,199,24.988312,94.033212,5.411555,115.874616,apple
21,140,198,21.676431,91.488715,5.752702,119.385658,apple
14,130,195,23.70783,93.825236,5.828607,110.256815,apple
23,145,201,21.832704,90.357413,5.584311,113.300399,apple
17,136,198,21.436039,90.887562,6.41433,119.9897,apple
31,138,199,24.055675,92.260318,5.998461,112.34884,apple
3,146,201,22.962805,92.225869,5.980663,107.802313,apple
24,125,200,23.217731,92.061597,6.044969,104.571058,apple
15,136,202,20.537648,92.926425,5.761608,111.11899,apple
13,128,203,22.63615,91.840666,5.893889,116.711537,apple
23,134,203,23.667509,92.796046,5.94693,118.090033,apple
23,142,203,21.479921,90.996844,5.712613,120.704337,apple
11,137,201,23.878913,92.516406,5.513605,104.833289,apple
14,130,199,21.318014,94.064794,5.519163,123.738048,apple
28,141,198,22.976696,90.767155,6.212381,112.093325,apple
18,125,192,21.457605,93.635358,5.805122,111.311503,apple
25,147,204,21.530431,89.968915,6.66148,131.305731,apple
22,125,203,22.481218,92.164423,6.207282,115.441873,apple
14,132,202,23.161277,92.61442,6.219361,109.733921,apple
22,110,199,23.440293,91.831527,5.78547,104.160086,apple
27,138,202,20.701165,92.10746,5.843166,110.399312,apple
17,132,202,20.495864,94.432754,6.079991,112.352878,apple
25,7,8,21.904042,93.838672,6.997217,112.570251,orange
16,20,14,30.166898,92.102253,7.350991,113.156578,orange
23,24,13,21.859026,92.970255,6.832283,106.253867,orange
18,16,6,29.166461,88.879209,8.35026,117.408644,orange
18,17,11,18.440213,92.431143,6.94944,110.066346,orange
21,8,10,24.009513,92.35462,6.914243,115.734146,orange
18,18,13,22.212617,92.457356,6.972772,116.191901,orange
18,25,10,16.439998,93.015248,6.870713,113.354304,orange
4,17,9,14.931886,91.536111,6.738885,110.279265,orange
12,19,13,24.878871,93.170786,7.556336,116.187852,orange
30,13,8,28.597646,93.049919,7.400081,119.190699,orange
20,19,8,38.601376,91.796146,6.868974,108.904951,orange
16,12,9,12.69311,91.257618,7.974992,113.884014,orange
25,24,14,9.691473,90.72414,6.626175,108.339243,orange
18,14,11,23.061186,91.332598,5.953981,105.932804,orange
16,15,7,19.168032,90.842815,6.958349,105.56378,orange
15,8,10,16.388287,93.288141,7.218867,110.178681,orange
15,19,12,23.855894,94.124442,7.245222,114.702593,orange
20,21,8,19.407852,92.619236,7.187629,112.835014,orange
26,7,8,24.498838,91.330764,8.675106,112.87231,orange
19,13,9,23.023041,92.334378,6.796217,109.2435,orange
27,26,11,12.874678,92.846204,7.781598,116.800993,orange
24,26,10,27.447962,91.383069,7.16321,116.615858,orange
16,11,10,21.1227,92.978977,6.797903,118.404822,orange
12,25,8,9.509728,92.48545,6.895242,105.395797,orange
10,17,12,27.128656,92.268048,7.254635,110.374815,orange
11,7,10,21.611166,93.221179,7.391079,113.283612,orange
18,7,11,26.686253,89.333762,6.611174,107.32115,orange
20,11,10,21.242041,92.009021,6.668967,107.560669,orange
13,19,11,17.097427,94.024768,6.865845,117.538854,orange
16,3,11,24.639234,92.241273,6.705306,110.340968,orange
17,15,12,24.163207,92.931942,6.906384,108.92672,orange
13,14,2,18.432357,92.101751,7.2962,109.264082,orange
22,2,10,10.371679,90.750036,6.928289,116.370814,orange
22,17,10,17.519146,91.54722,7.229414,104.127342,orange
23,14,12,29.912092,90.192299,6.735025,106.564573,orange
9,10,16,27.310373,94.500746,7.426258,107.087521,orange
17,21,11,18.527669,90.388008,8.631003,109.850712,orange
18,17,9,23.708194,93.744337,6.958971,105.151532,orange
19,13,13,31.466281,92.32903,6.393419,104.860896,orange
20,19,9,19.246745,91.488641,7.008537,99.539293,orange
13,12,13,16.777779,92.416562,7.131006,116.470416,orange
27,16,9,17.887635,91.910724,6.807324,113.046686,orange
22,21,13,36.585231,92.349596,7.558737,108.882363,orange
26,24,12,23.496117,91.39797,6.336681,110.315829,orange
28,15,12,29.04524,91.859577,7.665009,97.120161,orange
13,10,8,25.288346,92.548045,7.213055,113.241975,orange
14,8,11,18.136283,90.31543,7.495959,116.917469,orange
29,18,12,32.937025,91.430301,7.564232,111.766823,orange
25,18,13,24.454076,90.419225,7.731444,106.141359,orange
27,16,13,31.197288,92.716172,7.269182,112.444092,orange
8,17,7,24.066785,90.828469,6.439374,117.882699,orange
26,17,10,20.965421,92.883852,6.688733,115.071205,orange
18,14,10,18.425513,92.594419,6.756692,112.655209,orange
27,12,10,26.213847,91.676971,7.247517,113.054835,orange
26,13,8,20.523927,91.038697,7.296604,105.155944,orange
33,25,10,29.218719,90.235838,8.256453,107.785013,orange
19,4,11,14.613053,92.321987,6.753306,105.542378,orange
15,18,7,17.258794,92.995928,8.295215,112.696909,orange
14,14,10,20.214255,93.28367,7.126562,114.676121,orange
18,25,10,15.613195,94.812784,6.125761,107.101802,orange
16,33,14,33.855068,91.80321,8.208827,112.194419,orange
25,18,10,20.936838,91.948432,7.318161,112.189119,orange
19,27,3,26.573166,93.061286,7.582012,110.201591,orange
21,23,14,20.576034,92.520371,7.842501,100.729475,orange
16,26,13,26.666095,91.661684,6.587909,107.780408,orange
29,12,10,17.222563,93.211329,6.756024,110.051068,orange
10,6,10,12.993837,94.726104,6.009854,106.819194,orange
20,14,7,15.711334,91.011215,6.879506,119.478874,orange
20,25,11,31.042582,88.840043,6.870816,116.512823,orange
16,28,14,19.328433,91.596204,6.523333,107.603867,orange
12,19,7,27.267624,92.953694,6.20601,117.629166,orange
23,22,8,27.405605,93.551672,6.971682,119.708843,orange
20,24,11,27.132859,90.194401,7.201816,107.119115,orange
15,28,9,15.375566,91.769042,6.382779,117.095869,orange
16,20,13,19.09887,92.838427,6.515258,121.75054,orange
25,15,8,21.956426,91.79202,7.976943,104.86254,orange
20,16,10,21.996237,92.060715,7.447802,113.301328,orange
22,0,11,10.548269,92.975584,7.742504,106.2393,orange
18,13,13,23.503206,94.273995,7.22274,111.615271,orange
20,22,6,23.431545,92.115944,7.375455,109.636573,orange
14,17,7,8.55306,93.072547,7.30374,112.648618,orange
27,12,7,22.28178,91.783,6.607275,110.132694,orange
16,4,9,14.390824,92.477978,6.698543,115.613505,orange
29,21,6,33.93845,94.090865,7.029207,116.58546,orange
16,4,8,35.596826,90.410704,7.019765,110.657062,orange
17,14,10,18.639999,90.49353,7.125366,115.437486,orange
25,11,7,20.69701,94.08135,7.336343,113.738238,orange
25,19,10,27.701071,91.544601,6.326913,113.825786,orange
27,9,12,35.237666,92.197305,6.619179,111.065886,orange
16,12,11,10.932402,90.467285,7.029453,110.397381,orange
22,29,10,27.226474,91.02936,7.396289,108.078602,orange
20,16,12,13.106173,89.460114,6.915418,112.655244,orange
20,25,11,18.627522,89.409496,6.903717,115.228611,orange
17,17,11,15.286836,92.947883,7.82219,109.705059,orange
13,16,5,25.293084,92.742729,7.841062,109.607624,orange
22,11,9,11.513628,91.966252,6.870399,111.876319,orange
16,17,9,20.346905,92.296435,7.039856,114.001401,orange
19,14,10,17.511486,91.768107,8.015268,106.301678,orange
18,14,9,20.348829,92.535088,6.182014,115.270989,orange
57,50,43,28.130689,92.084534,7.53989,166.611958,papaya
30,54,50,35.145996,90.690826,6.698153,110.88035,papaya
38,61,52,38.493935,93.146702,6.585815,174.183099,papaya
53,60,48,30.867806,92.496053,7.496361,155.914918,papaya
43,53,49,46.110573,91.880966,7.02113,125.983972,papaya
53,65,48,30.045664,94.556531,7.045224,177.547716,papaya
58,62,56,33.950277,93.150441,6.290217,106.136738,papaya
37,68,42,31.406833,88.508181,6.482301,120.900056,papaya
65,62,48,39.775993,92.423182,6.751646,89.441919,papaya
39,53,50,34.143949,94.40732,6.859367,22.925596,papaya
53,49,47,29.070634,91.53766,6.313704,151.593905,papaya
35,62,57,26.122653,92.030137,5.957728,129.29866,papaya
57,64,50,38.768802,95.709871,7.270814,119.504575,papaya
34,56,47,36.272681,90.864448,6.717425,179.640221,papaya
49,52,54,22.989809,91.973866,6.727085,143.303163,papaya
52,63,50,31.602068,91.870134,6.55043,177.409415,papaya
43,65,50,30.728848,93.203929,6.514489,170.807735,papaya
52,55,52,36.815561,93.904775,7.039506,164.314312,papaya
38,76,46,39.1108,92.960669,6.376016,137.105899,papaya
49,68,48,32.206913,89.36311,7.277776,95.285304,papaya
53,58,50,38.316213,94.572641,6.817963,171.554448,papaya
53,66,49,39.829726,93.84365,7.075586,113.421464,papaya
48,61,46,42.791045,92.384041,6.828018,117.096404,papaya
36,55,51,37.538544,92.610329,6.847484,127.703434,papaya
55,70,52,38.314389,92.782221,6.274022,96.425739,papaya
55,59,51,43.255613,93.343847,7.130255,146.784917,papaya
41,59,48,42.582281,93.427508,6.901359,197.22869,papaya
28,63,46,33.658643,91.99478,6.945138,152.685878,papaya
64,55,52,34.624672,90.274123,6.455229,135.975391,papaya
62,62,46,32.900198,95.023148,6.774479,128.13221,papaya
55,65,49,36.564676,91.972444,6.962992,150.100438,papaya
55,54,48,39.089335,92.296785,6.828361,129.057322,papaya
60,55,50,38.180159,93.924858,6.577635,229.218032,papaya
53,52,51,31.516904,92.964289,6.726715,145.882897,papaya
40,66,47,27.38004,92.877568,7.236882,127.015385,papaya
57,67,52,31.926113,90.981639,6.05566,130.98245,papaya
63,51,52,28.284131,92.537894,6.959415,113.450302,papaya
52,56,52,35.041308,92.47346,7.223088,171.873931,papaya
42,58,50,34.157822,95.681862,6.854964,52.613106,papaya
44,45,49,22.372332,91.266932,6.268576,159.57988,papaya
50,61,50,25.752503,93.067578,7.33589,160.687196,papaya
45,49,47,36.282326,93.795053,6.820869,177.955018,papaya
58,63,48,34.691364,91.297109,6.745403,157.224168,papaya
68,50,51,42.143049,93.386502,6.998213,168.576115,papaya
64,51,46,33.663895,89.590489,7.1215,196.555612,papaya
45,56,50,33.996518,92.565326,6.913052,134.969915,papaya
60,62,48,41.310142,90.634266,6.711429,185.337749,papaya
42,61,52,28.795014,92.305779,6.691484,118.213187,papaya
75,54,53,31.461034,90.987373,6.771872,171.289928,papaya
60,70,59,35.127931,91.53798,6.880391,130.833388,papaya
60,50,57,38.579474,90.210795,6.520201,178.670782,papaya
63,50,52,22.600163,92.283863,7.084735,118.223005,papaya
34,60,48,37.288483,91.249076,6.500483,53.271697,papaya
52,58,46,34.804653,93.735191,6.673174,154.452979,papaya
53,51,56,31.016156,93.252951,6.978457,136.429895,papaya
56,61,46,31.806046,91.603684,6.596859,84.96306,papaya
62,70,53,40.942017,91.951975,6.54276,108.186453,papaya
57,61,50,41.082347,92.926424,6.480016,112.50383,papaya
57,66,52,44.512266,94.525509,6.876721,105.534735,papaya
36,56,52,44.111888,92.942681,7.102304,131.757409,papaya
57,65,44,31.343399,93.63461,6.825085,89.714035,papaya
24,57,50,28.661639,92.58601,6.89698,172.244373,papaya
24,50,49,36.961387,93.036004,6.88628,125.652927,papaya
46,54,52,28.453214,93.505047,6.804435,140.609034,papaya
43,49,48,31.818961,89.320268,6.67882,183.456596,papaya
56,56,50,30.529862,92.593389,7.217433,185.407647,papaya
56,56,52,24.084801,92.07194,6.920951,175.326618,papaya
57,61,49,36.766463,91.161281,6.47815,145.328673,papaya
52,46,51,38.104552,92.299529,7.476085,112.414268,papaya
46,56,50,31.826269,90.571146,6.57057,138.285165,papaya
63,75,54,29.28034,91.495448,6.690608,221.477503,papaya
48,50,48,38.015219,93.296922,6.677933,172.806929,papaya
25,60,53,28.952679,91.31276,6.161401,212.873385,papaya
42,61,52,42.318787,92.199933,6.572777,150.24959,papaya
64,58,47,24.91768,90.812313,7.007961,128.428398,papaya
43,54,50,32.335106,92.044928,7.15829,210.58032,papaya
33,61,48,32.284969,92.802062,6.674057,152.786327,papaya
57,61,48,30.113562,90.528383,6.475285,229.323422,papaya
41,51,51,33.070921,92.145729,7.176804,166.871399,papaya
44,56,48,38.686016,91.999408,6.184122,140.46427,papaya
33,75,47,32.777371,92.735664,6.650516,129.780656,papaya
54,70,52,42.127529,91.039395,6.838382,149.461876,papaya
54,69,49,31.388631,93.094175,6.188757,132.131139,papaya
48,53,53,27.64523,92.223365,6.830879,202.422559,papaya
50,66,52,34.403708,90.983633,6.29528,147.307539,papaya
44,66,52,32.647717,90.894973,6.898328,97.606634,papaya
42,52,50,40.370096,92.393447,6.602602,75.16782,papaya
56,54,50,31.680954,93.48963,6.691257,139.995455,papaya
55,74,53,33.194945,92.404157,6.577294,100.61019,papaya
44,54,52,27.594189,94.133174,6.973134,143.506176,papaya
50,55,51,39.902127,91.485897,6.264648,173.682247,papaya
53,51,48,28.803106,91.458108,6.639658,130.818609,papaya
43,54,49,34.655842,91.988815,7.099187,165.057477,papaya
33,63,52,31.222011,90.456243,6.742501,142.259278,papaya
38,49,50,32.37146,91.857555,6.714143,93.857284,papaya
45,63,49,24.169757,91.7855,6.408251,154.407424,papaya
53,47,52,27.360538,94.426937,6.724879,87.509407,papaya
38,62,49,33.149073,94.496614,6.523234,145.250358,papaya
65,61,45,36.580717,90.888096,7.17611,106.229252,papaya
82,70,48,33.814079,93.379738,6.982935,162.151263,papaya
29,16,29,26.91439,96.860096,6.093206,185.836672,coconut
27,3,31,27.705996,98.805139,5.506138,229.890095,coconut
22,20,35,28.185066,95.760884,6.05511,158.874961,coconut
22,12,30,24.129697,95.829695,5.942261,164.00011,coconut
23,7,36,27.256126,94.449973,5.680727,176.533334,coconut
30,24,33,28.164959,93.939498,5.530449,168.703851,coconut
21,24,31,29.657236,97.673972,5.838486,113.229504,coconut
30,26,26,29.512936,95.717081,6.029813,231.894457,coconut
30,21,31,28.262952,93.839862,5.962919,144.299363,coconut
20,14,28,27.591445,94.022446,6.135693,119.243243,coconut
21,18,29,27.15865,90.99541,6.090508,198.236688,coconut
25,24,31,28.070154,95.174618,6.193141,120.812409,coconut
17,28,23,27.203751,97.61346,5.951089,161.605615,coconut
23,15,30,26.443267,97.460819,6.421212,171.058017,coconut
14,13,29,28.107754,92.380768,5.74156,193.47153,coconut
27,13,26,31.997765,96.67993,5.897229,205.942288,coconut
21,23,30,27.527781,94.527404,5.531312,243.145702,coconut
16,8,29,26.053939,94.675889,6.193207,210.336541,coconut
27,15,30,27.971031,90.58131,6.156881,124.985985,coconut
34,14,29,26.32241,93.288072,6.684969,208.424865,coconut
13,27,34,27.006303,95.536073,5.975367,244.345781,coconut
17,18,29,25.393743,100.0,5.613714,183.360496,coconut
12,14,31,26.245372,96.208324,5.896597,216.070871,coconut
30,13,30,27.656836,96.286438,5.984458,182.319341,coconut
20,18,34,28.304517,96.483014,6.204152,170.347455,coconut
24,10,34,23.503855,94.590844,6.333678,128.237396,coconut
24,12,29,28.724317,95.275337,5.34935,141.720391,coconut
28,20,35,29.755707,93.978612,6.756004,176.551893,coconut
16,13,23,29.649827,98.627429,5.665193,167.769627,coconut
22,10,25,27.105499,94.029409,5.859593,183.450519,coconut
30,15,31,28.417619,96.129943,5.789529,179.053924,coconut
25,9,34,29.404224,93.065327,6.040038,198.051283,coconut
19,20,30,25.344915,95.901987,5.638956,208.384259,coconut
18,16,34,28.094934,92.209263,5.665376,154.844263,coconut
24,19,27,25.765907,95.4758,5.923623,250.771113,coconut
22,29,26,25.197502,92.111796,6.34863,236.812335,coconut
17,14,26,24.863704,96.524188,6.049136,176.064982,coconut
14,28,28,28.147077,91.309053,5.920937,185.839831,coconut
24,18,31,25.817271,95.273694,6.015265,183.762209,coconut
22,8,26,24.300025,96.762083,6.236574,205.05555,coconut
24,3,27,27.638582,95.125243,5.910948,188.538319,coconut
22,18,28,28.774815,93.766148,5.567499,148.869234,coconut
20,24,30,27.139392,91.803208,6.2235,153.012065,coconut
21,27,32,25.120444,90.553175,5.960064,133.496627,coconut
26,17,30,26.41056,98.979321,6.861204,166.005252,coconut
24,18,29,26.235101,92.196077,5.627965,189.802353,coconut
19,0,31,27.346434,98.032015,6.095668,124.242159,coconut
9,12,28,28.720423,94.77871,6.331443,129.59581,coconut
28,22,24,29.251665,95.0243,6.101534,145.601615,coconut
29,9,32,28.54885,92.461998,6.594846,183.757191,coconut
26,7,36,25.68562,97.259727,5.671621,154.15919,coconut
27,24,26,28.926661,97.307953,5.689234,231.332936,coconut
13,13,31,26.205007,95.433166,6.054734,169.189815,coconut
27,15,31,29.005061,96.697647,6.223665,135.70855,coconut
25,11,26,27.299611,92.629692,6.225091,204.045834,coconut
11,11,26,26.752319,95.892422,5.904891,155.176378,coconut
30,1,34,26.637996,94.612538,5.816517,229.392506,coconut
15,17,32,25.144596,92.592244,5.934065,144.844057,coconut
17,15,32,26.920195,97.388223,5.670695,132.133105,coconut
33,12,26,24.961124,97.380248,5.874196,166.870901,coconut
21,24,29,30.681675,95.121025,6.309153,203.722347,coconut
22,13,31,28.114138,93.425793,6.031565,218.719933,coconut
34,23,36,26.518876,96.484517,6.394941,144.5076,coconut
19,29,27,25.522418,98.467156,6.350997,190.737784,coconut
22,14,31,29.61173,95.372559,6.651757,144.451619,coconut
22,14,27,27.185683,95.80159,6.142511,251.231736,coconut
25,25,30,29.749278,100.0,6.144636,141.155466,coconut
19,19,31,28.377795,95.904474,5.982165,153.560294,coconut
24,29,33,28.148586,97.270961,5.86497,158.012373,coconut
17,16,29,29.091585,93.659224,5.731156,243.301686,coconut
19,18,31,25.80863,97.765161,6.177507,229.931764,coconut
18,18,30,27.769444,91.308925,6.014359,126.059056,coconut
24,3,24,28.545968,93.487588,5.673764,219.925428,coconut
24,23,30,31.15148,93.349167,6.520794,173.564462,coconut
12,20,31,25.928149,92.586674,5.972344,187.871224,coconut
7,24,29,25.535554,97.05856,5.972678,218.022569,coconut
24,17,30,28.075798,93.807525,5.715702,196.924837,coconut
21,17,33,27.240573,94.836081,5.794109,190.68975,coconut
24,23,28,26.759056,96.70113,6.058186,144.163609,coconut
30,6,32,25.628703,99.325892,5.501174,215.798323,coconut
21,14,31,28.28466,92.629439,5.727106,198.306249,coconut
12,13,39,26.044782,97.554727,5.798355,193.414771,coconut
26,24,29,30.184438,93.385592,6.052608,184.235637,coconut
15,15,30,26.795031,100.0,5.720027,216.743971,coconut
27,17,27,26.324443,93.556878,5.42642,140.779403,coconut
13,26,32,28.500364,96.213197,6.03176,226.531676,coconut
18,18,32,25.550307,100.0,5.988855,180.641233,coconut
29,23,30,27.582181,91.190044,5.807496,193.698916,coconut
25,25,30,25.457799,97.336153,6.425188,206.958911,coconut
21,24,40,27.561213,91.651832,5.798252,197.466565,coconut
12,18,31,29.54917,97.944468,6.248021,100.43877,coconut
27,22,31,24.977689,92.935743,5.618285,105.577706,coconut
22,12,38,27.163719,97.905008,5.493579,157.252882,coconut
22,11,29,27.094869,94.238621,6.555087,188.862275,coconut
25,21,32,27.283958,94.030209,6.031713,215.956777,coconut
29,15,32,27.127581,94.881289,5.833208,169.378749,coconut
30,18,30,25.373895,94.057815,5.905192,146.845807,coconut
22,14,30,27.570104,92.50619,5.856402,178.392625,coconut
29,19,28,27.958607,98.898117,6.264179,194.753923,coconut
26,27,33,28.193465,97.364741,5.644688,123.421169,coconut
119,47,18,25.321364,73.279977,6.621223,74.629029,cotton
100,57,16,23.058656,82.977929,7.258864,67.212721,cotton
125,48,27,24.646305,79.305654,6.447489,71.543504,cotton
109,56,20,24.904395,85.099867,5.636429,95.618598,cotton
118,49,17,22.791801,81.510961,8.197683,92.339428,cotton
131,45,18,22.750712,78.091042,5.801497,71.77346,cotton
112,45,20,24.579921,79.747761,6.596021,57.036032,cotton
112,39,21,25.45486,83.084999,7.318754,78.811044,cotton
112,41,15,25.586966,79.188511,6.236976,70.564753,cotton
108,47,23,23.443217,71.916133,6.807843,78.541293,cotton
115,42,20,24.105826,79.713094,7.132826,75.284989,cotton
113,56,21,25.323114,84.091366,7.19401,91.447825,cotton
101,48,19,26.684295,83.046759,6.56956,84.83625,cotton
120,49,17,24.576026,79.00147,7.062523,71.779817,cotton
111,54,16,22.435593,79.619466,6.493179,69.868159,cotton
119,36,17,27.286553,81.408163,6.506856,85.376759,cotton
124,53,19,25.562396,72.665437,6.339594,82.35007,cotton
121,40,20,23.001856,78.830643,7.463378,91.216356,cotton
107,39,18,23.957206,77.497355,7.471947,84.533939,cotton
122,37,23,19.48773,82.719194,7.414528,75.254426,cotton
132,46,20,24.543246,90.953012,7.635994,88.743461,cotton
108,47,17,25.315377,80.291634,6.302758,81.365383,cotton
109,47,17,24.04398,82.426645,6.881352,75.74843,cotton
120,51,16,24.41705,84.411393,7.219775,81.087274,cotton
125,49,22,20.761709,74.362904,7.452608,62.487178,cotton
122,44,17,24.55944,80.503617,8.049585,72.964747,cotton
133,49,18,25.278794,81.780085,6.929355,83.568915,cotton
111,40,22,23.641697,79.51971,7.061104,83.556931,cotton
102,55,20,23.675755,81.307961,7.037733,89.528046,cotton
124,51,24,25.413799,79.238298,6.303633,100.246795,cotton
115,43,14,24.541557,80.321103,6.091838,85.793961,cotton
112,65,18,23.303691,76.738283,7.600053,75.963968,cotton
110,51,15,25.000177,86.034899,7.215968,87.99099,cotton
127,58,23,24.703472,82.96362,6.431595,89.637894,cotton
107,44,10,24.642287,77.546448,7.510018,85.043292,cotton
130,39,23,27.36937,82.474554,7.336788,82.418212,cotton
112,52,15,23.331592,73.601301,6.530026,88.040337,cotton
123,47,20,20.982617,78.496032,6.54207,72.55719,cotton
124,40,18,20.660689,78.770569,6.322568,81.342515,cotton
108,47,19,26.675267,81.540263,5.916596,65.347823,cotton
118,40,11,26.159274,82.320784,7.191328,73.172856,cotton
122,41,20,22.527067,85.10701,6.062072,95.064178,cotton
118,43,20,25.173357,84.583614,7.079097,69.800717,cotton
118,59,24,25.454022,82.584905,7.287703,94.189183,cotton
113,37,20,22.691869,76.107427,6.52105,109.975236,cotton
119,49,16,21.049995,76.933316,7.686626,84.377878,cotton
124,51,18,26.220745,77.585173,7.669365,85.663396,cotton
98,41,14,25.861251,79.713426,5.706695,84.871388,cotton
112,36,25,24.171657,78.77299,6.694311,62.391974,cotton
104,55,18,24.035308,72.644843,6.19823,87.656769,cotton
122,58,24,23.630862,81.455337,6.739034,104.852237,cotton
130,47,20,26.31176,81.828522,7.751659,54.29559,cotton
123,43,25,26.474238,79.914925,7.739241,101.619063,cotton
119,64,20,23.656766,82.830554,6.718953,81.415543,cotton
133,46,15,24.587711,77.362972,7.377246,88.684658,cotton
134,53,23,22.929445,82.613953,7.972964,72.205066,cotton
137,42,17,24.473921,82.305686,7.402345,68.955027,cotton
122,41,15,22.514022,77.171849,7.191661,94.111343,cotton
102,49,16,25.006537,77.620443,6.342282,89.916008,cotton
111,44,13,25.514482,82.67318,6.912947,62.221787,cotton
131,42,18,27.69927,77.337272,7.310793,87.088898,cotton
122,48,21,24.435105,79.618286,7.726093,64.779339,cotton
129,52,22,25.787167,79.475902,5.900754,79.539717,cotton
107,41,16,23.236248,77.711817,5.626112,88.732641,cotton
142,50,19,23.912406,78.326549,6.958622,79.959604,cotton
109,58,15,25.14933,79.445808,7.936449,84.456289,cotton
114,44,20,22.171535,77.115957,5.94613,69.416575,cotton
119,48,14,23.780461,81.771935,6.822027,72.857915,cotton
113,42,18,24.278118,87.876909,6.508402,76.614103,cotton
117,41,23,20.206583,77.941293,7.351889,76.900278,cotton
109,49,22,24.337017,76.995729,7.15635,75.615613,cotton
126,57,12,24.177708,73.724931,8.228566,74.829318,cotton
126,46,17,22.524715,85.349877,7.426207,103.528651,cotton
118,48,19,23.540668,76.153396,6.955366,71.007966,cotton
123,47,20,26.680208,79.667987,7.318633,104.812963,cotton
132,54,19,24.367429,75.186033,7.179414,83.666076,cotton
118,53,16,26.615781,82.956176,6.871858,78.630118,cotton
123,57,20,24.230449,79.863415,7.872293,76.010291,cotton
117,56,20,25.819294,76.61052,6.799142,98.064765,cotton
110,45,20,22.417353,78.351665,6.970824,80.955513,cotton
132,57,17,24.17803,82.159869,7.728828,88.950035,cotton
121,51,22,22.515657,80.474796,7.697947,77.932454,cotton
119,45,13,24.032944,80.856272,6.633254,66.65982,cotton
108,52,26,26.211893,75.094789,7.371499,72.508368,cotton
112,43,22,25.534805,79.456891,6.866222,85.924739,cotton
124,54,16,24.032044,76.061915,6.882491,77.708514,cotton
117,41,15,20.6489,79.340869,6.677259,72.356342,cotton
132,40,24,26.59815,72.971848,6.959886,75.643612,cotton
86,36,22,27.230719,82.959373,7.084762,80.146145,cotton
136,61,18,20.800022,72.456344,7.623816,79.840003,cotton
120,34,17,23.527231,80.527434,6.69476,68.055818,cotton
109,55,20,24.979451,76.653942,5.314935,74.175059,cotton
108,49,29,25.112266,89.375861,7.217136,72.904354,cotton
122,59,25,23.07946,80.686143,6.138196,90.213557,cotton
135,46,18,24.57621,81.261107,6.953818,82.52671,cotton
116,53,22,22.427035,76.262933,6.772638,89.168362,cotton
119,42,20,23.470703,82.881703,7.089852,76.64819,cotton
120,55,18,24.644251,79.553389,7.140571,72.610677,cotton
119,54,17,21.872952,75.279906,6.277842,87.484347,cotton
103,44,21,24.666654,78.450544,7.013099,81.675029,cotton
76,45,47,25.890242,89.770669,6.511336,173.279098,jute
64,41,46,24.425762,87.469053,6.182921,155.942904,jute
75,46,43,25.495847,77.893107,6.671341,169.088774,jute
68,40,43,22.989019,86.231171,6.579083,160.972096,jute
87,57,43,25.552037,84.05614,5.974741,165.459233,jute
68,55,39,25.929947,81.797013,6.350585,164.293448,jute
93,41,40,24.139205,78.312796,6.709689,160.786689,jute
68,49,37,24.108277,75.749882,6.69572,191.692259,jute
95,42,46,23.894825,84.042549,6.412454,159.210473,jute
70,46,42,25.736855,75.729661,6.29455,158.392167,jute
77,45,37,25.296564,88.876532,6.507925,167.040138,jute
85,43,42,24.209603,87.11169,6.881701,163.701589,jute
72,43,44,23.604374,76.861439,6.482869,174.519185,jute
75,36,39,24.890494,77.024799,7.032181,191.257411,jute
78,48,34,24.536787,83.719769,6.543688,161.603016,jute
104,60,41,26.252802,70.473665,6.383477,166.387754,jute
76,43,32,25.424627,81.828982,7.434835,160.689264,jute
69,28,39,25.991223,77.091752,7.673116,170.206952,jute
80,37,41,22.822748,82.444162,7.048748,199.131316,jute
67,48,42,25.48651,76.052273,5.677528,181.010589,jute
77,43,42,24.950589,74.1913,5.880161,154.591558,jute
105,52,41,24.800173,78.585689,7.243566,166.018336,jute
85,44,46,25.816517,84.706783,6.47286,193.740636,jute
75,48,45,23.852947,80.433316,6.922722,184.108078,jute
73,62,36,26.604774,84.581769,7.566391,146.370735,jute
69,57,34,23.232895,77.597938,6.814477,203.300829,jute
76,42,41,25.516556,81.409083,6.651686,139.803959,jute
68,57,41,24.645226,84.184491,6.232749,170.766268,jute
80,44,40,24.793537,73.862694,6.80985,151.022503,jute
80,57,39,23.711369,79.07935,6.363933,185.441711,jute
77,59,43,24.831611,82.533997,6.556976,175.407828,jute
74,52,44,25.878513,83.37994,7.136135,184.667481,jute
66,59,45,24.742732,78.080139,6.999461,184.65955,jute
76,38,41,25.60658,82.575867,6.883689,169.947039,jute
89,47,39,24.801281,72.441527,6.649814,187.123014,jute
82,58,39,25.536044,82.850235,7.760857,177.391302,jute
67,53,46,24.645196,83.048434,7.27064,193.005473,jute
80,42,40,25.50446,83.323712,6.876936,167.999647,jute
85,53,41,24.080194,78.856235,7.147041,150.043981,jute
55,58,42,25.667403,75.18505,7.054512,179.726952,jute
61,57,40,24.564308,78.050242,5.843302,185.420725,jute
81,45,44,23.477755,77.153233,6.355996,169.80957,jute
79,50,39,24.034909,86.512628,7.791122,177.364831,jute
70,57,36,24.631749,76.74592,6.219804,169.787566,jute
69,47,40,24.316535,78.080895,6.628426,189.296244,jute
77,53,42,25.628684,85.290168,6.237468,166.330022,jute
98,45,32,24.776735,80.153252,5.57847,198.677448,jute
70,49,39,23.582813,75.210917,6.318564,194.233527,jute
77,43,37,26.315765,85.603225,7.251287,183.614628,jute
82,38,39,24.247754,72.1154,7.195099,162.344644,jute
92,53,42,25.674172,77.077213,7.547454,175.571945,jute
82,42,37,25.525026,80.491805,6.382685,149.052162,jute
64,55,38,24.627201,85.546395,6.236254,161.786793,jute
70,58,46,25.82672,82.811877,6.474644,209.65718,jute
81,53,40,24.705164,86.418473,6.967478,200.779621,jute
81,41,38,25.113262,77.031349,6.242717,196.305365,jute
72,48,41,24.353032,85.548278,6.238458,179.483092,jute
81,46,36,25.957899,82.648394,6.43275,187.464021,jute
83,38,37,26.25211,80.868606,6.481707,159.433282,jute
73,44,37,23.084059,84.274054,7.157079,152.008727,jute
80,40,39,24.620757,77.84588,7.611297,166.91817,jute
69,41,43,23.182687,76.473246,7.366602,179.167353,jute
81,62,41,24.220995,78.443484,6.23041,197.281273,jute
85,55,44,24.544368,75.726513,6.707246,159.177577,jute
80,55,39,25.164995,79.215233,7.0832,162.846695,jute
54,50,43,25.491012,76.975055,6.230595,183.651506,jute
80,46,45,23.95852,86.877652,6.743985,141.943288,jute
76,54,39,23.377744,78.92549,6.352844,183.603478,jute
87,39,38,25.832307,76.078738,6.25385,153.701429,jute
82,49,38,25.005594,85.861243,6.301414,139.863807,jute
83,46,38,25.717288,83.040823,5.758358,163.118497,jute
104,51,42,26.290184,79.669982,7.080541,187.653311,jute
84,45,41,24.352802,79.652539,6.215864,160.647831,jute
75,40,38,24.819681,81.249276,7.147673,166.49826,jute
93,53,42,25.169014,80.908395,7.252303,196.702076,jute
93,47,42,26.477901,77.042764,6.589897,175.087056,jute
88,53,39,23.34053,80.609354,6.325941,148.130142,jute
64,49,44,25.042784,80.466661,7.250474,147.154257,jute
84,47,42,24.468168,76.246457,6.791824,204.320525,jute
88,43,36,23.149726,84.996008,6.309764,168.97331,jute
93,35,44,24.720996,74.890808,6.621166,161.865518,jute
83,42,34,24.757381,74.038165,6.819901,153.550367,jute
73,48,39,25.275473,82.389177,6.220509,173.647284,jute
41,49,39,23.918205,80.89445,7.245987,166.279282,jute
68,48,36,24.27358,84.611849,6.757359,141.157541,jute
58,48,43,23.220616,81.443822,7.315351,208.592676,jute
82,50,34,27.309728,77.24049,6.319273,170.23181,jute
95,62,40,26.097893,79.777137,6.27337,201.233712,jute
71,58,44,25.67544,87.098797,7.712232,171.663144,jute
69,34,47,24.51635,84.253651,6.403848,202.334955,jute
71,38,39,24.415047,82.044829,6.707386,186.035873,jute
75,42,38,27.249433,80.523201,5.857145,165.488259,jute
79,60,43,23.98611,89.515259,6.716289,197.109304,jute
66,30,36,21.424633,88.259566,6.824394,158.248872,jute
83,48,42,26.330485,78.411323,6.342871,189.617176,jute
87,48,47,24.518396,75.910582,6.91396,162.718612,jute
84,41,39,27.079924,77.937092,6.378505,195.75515,jute
67,42,42,26.032253,84.603953,6.401222,185.468555,jute
73,42,44,24.39549,80.740639,6.798455,155.633497,jute
89,51,34,25.305163,76.430809,7.212713,148.927343,jute
97,31,30,27.407396,50.244995,7.599438,171.123588,coffee
116,35,30,22.289504,55.687747,7.568886,192.458857,coffee
94,9,29,24.780743,57.476296,7.048984,179.830072,coffee
112,32,24,24.647001,72.033312,6.973366,167.221925,coffee
105,32,23,24.901189,58.684011,7.417933,159.282288,coffee
83,32,27,22.458036,54.145293,7.055827,189.317279,coffee
107,33,31,25.753318,62.872505,5.6048,160.854991,coffee
90,37,29,25.57737,50.32109,7.288247,173.657737,coffee
107,23,28,26.058999,54.941359,7.003098,104.509367,coffee
96,41,31,25.916984,70.215791,5.645383,137.880284,coffee
97,35,33,23.334983,64.58834,6.592376,188.148663,coffee
90,28,28,28.140076,55.920147,6.7692,170.668923,coffee
107,35,31,24.454378,56.906717,6.802579,164.289893,coffee
100,29,25,27.168388,59.93234,7.280917,158.103981,coffee
82,26,29,27.357258,47.099441,6.810178,170.839145,coffee
94,29,28,23.676068,56.572007,6.441761,175.053734,coffee
93,23,35,27.90185,48.289374,6.415264,164.113082,coffee
105,19,33,27.563061,61.646839,7.454797,169.316792,coffee
106,40,33,23.396231,62.509213,6.464509,170.603033,coffee
106,19,30,26.163143,56.413146,6.944208,178.086265,coffee
101,30,34,26.682991,60.044698,6.320541,174.741445,coffee
105,38,30,20.959334,49.209311,7.150484,143.959199,coffee
106,30,29,25.259097,53.96728,6.782269,143.604563,coffee
97,27,29,27.805434,58.160192,7.291614,196.238803,coffee
111,32,31,27.663397,59.409356,7.272439,173.329824,coffee
97,35,30,25.23467,56.185665,6.871349,182.812273,coffee
111,31,32,28.679242,58.045192,6.243444,190.36802,coffee
95,24,25,26.928208,49.65772,6.422373,172.688273,coffee
109,24,29,23.318514,55.774138,6.920445,145.659162,coffee
99,19,33,26.775166,63.419561,7.422308,137.634721,coffee
97,16,39,25.126037,64.820749,6.183301,182.810433,coffee
122,28,27,25.153009,46.207459,6.771436,178.459985,coffee
101,27,31,27.010062,49.438538,6.833523,218.512431,coffee
87,28,36,28.260438,55.973639,6.891006,158.04763,coffee
93,28,29,25.781872,54.634216,6.164457,157.076237,coffee
120,29,29,27.385215,57.997578,7.705336,158.00297,coffee
109,24,31,26.187734,58.577915,6.544139,142.276852,coffee
104,33,30,26.21817,58.683886,6.838278,153.128964,coffee
101,47,31,27.113242,61.396735,6.66122,190.190932,coffee
98,36,29,23.100069,60.982758,6.248713,171.383878,coffee
88,27,26,32.560418,49.472431,6.794809,186.453946,coffee
113,35,29,28.877722,64.106329,6.894027,164.066403,coffee
98,23,34,28.78052,53.860578,6.714645,154.543104,coffee
101,29,33,23.631957,54.075822,7.395944,146.62641,coffee
87,25,29,29.387407,64.171509,7.352285,178.435346,coffee
112,24,29,23.025212,57.700218,7.125211,161.437665,coffee
116,21,31,22.379243,59.436806,7.152763,152.780336,coffee
107,22,25,26.892574,68.840858,6.301938,188.410416,coffee
102,20,27,25.539462,56.594565,6.146673,116.087826,coffee
92,30,30,24.246905,60.050757,7.299613,167.874337,coffee
100,35,27,24.937701,57.753799,6.183893,147.687121,coffee
78,42,27,29.465285,59.117082,7.066783,145.977765,coffee
103,33,32,27.436933,56.800504,6.554624,118.564427,coffee
107,36,35,26.262932,54.531065,5.958423,183.933335,coffee
81,26,29,25.326362,59.104075,6.857692,98.198991,coffee
101,13,32,24.112187,46.604891,6.39104,143.962132,coffee
114,30,31,28.453054,58.351978,7.159552,175.059756,coffee
87,39,26,27.793417,50.252684,7.084606,204.275489,coffee
99,27,32,24.676509,69.264189,6.884174,150.159796,coffee
95,22,28,24.623317,56.120457,6.467494,210.151263,coffee
90,30,32,27.07527,58.56594,6.672056,169.298378,coffee
104,27,25,24.330191,52.364664,6.463092,158.923936,coffee
105,41,28,27.436564,60.643972,7.425039,172.390472,coffee
90,17,31,24.178873,53.312212,6.168887,162.092192,coffee
118,26,32,25.244334,51.550522,7.150058,130.951637,coffee
101,26,33,22.854623,61.127958,6.378499,145.424591,coffee
61,43,32,23.581631,52.489463,6.547132,175.878612,coffee
80,28,35,22.665134,59.358195,7.869622,173.77736,coffee
103,32,29,28.749078,56.623819,5.830001,148.395683,coffee
91,27,29,28.493558,62.863169,6.919,158.026954,coffee
90,14,30,27.486603,58.282497,6.527921,169.619654,coffee
100,40,34,27.89877,63.219084,6.157818,174.542244,coffee
105,33,31,26.631906,74.294939,6.752669,181.321167,coffee
96,34,33,26.411065,68.414708,6.356705,146.016921,coffee
104,35,30,28.714398,55.128368,6.231117,165.741583,coffee
100,33,30,24.649951,58.472856,6.804136,150.536464,coffee
99,26,32,25.985053,71.763489,6.868745,144.438735,coffee
131,32,33,26.980257,62.451163,7.05247,130.768303,coffee
105,20,29,23.685956,60.93758,6.953722,170.032418,coffee
104,25,29,27.80099,64.986783,6.228076,120.132995,coffee
93,36,34,23.18822,60.651663,7.688871,168.399725,coffee
117,36,27,25.025046,59.098101,6.841025,180.824958,coffee
106,9,26,20.031548,59.899582,6.907839,165.123979,coffee
91,33,32,22.362127,50.543582,6.789935,202.5362,coffee
120,33,28,27.717107,56.321182,6.413922,104.929623,coffee
102,24,30,19.751606,59.868012,5.598751,185.080918,coffee
107,27,32,23.054814,59.31254,7.179439,81.361627,coffee
96,29,29,29.142755,52.493764,6.485632,110.586448,coffee
118,27,29,25.368793,62.526544,6.960208,223.767528,coffee
106,26,28,24.518103,50.33953,6.809533,177.530009,coffee
94,23,34,21.933792,47.113435,6.225078,119.897269,coffee
105,26,29,28.382335,54.959391,7.169794,195.580805,coffee
96,34,29,27.810245,49.942512,5.983699,148.396561,coffee
91,25,29,27.300034,56.576335,6.386308,149.382468,coffee
93,22,25,25.673695,55.658377,7.263477,122.204577,coffee
95,41,27,24.908667,51.969689,6.129271,196.473312,coffee
103,30,25,26.396853,65.497305,7.353244,174.674664,coffee
89,31,32,21.013891,52.508706,7.225197,179.825935,coffee
84,34,30,27.452522,55.283228,7.10614,179.026954,coffee
97,29,28,29.629097,58.21445,6.338208,140.347517,coffee
